[{"model": "contenttypes.contenttype", "pk": 1, "fields": {"app_label": "admin", "model": "logentry"}}, {"model": "contenttypes.contenttype", "pk": 2, "fields": {"app_label": "auth", "model": "permission"}}, {"model": "contenttypes.contenttype", "pk": 3, "fields": {"app_label": "auth", "model": "group"}}, {"model": "contenttypes.contenttype", "pk": 4, "fields": {"app_label": "auth", "model": "user"}}, {"model": "contenttypes.contenttype", "pk": 5, "fields": {"app_label": "contenttypes", "model": "contenttype"}}, {"model": "contenttypes.contenttype", "pk": 6, "fields": {"app_label": "sessions", "model": "session"}}, {"model": "contenttypes.contenttype", "pk": 7, "fields": {"app_label": "blog", "model": "blogtype"}}, {"model": "contenttypes.contenttype", "pk": 8, "fields": {"app_label": "blog", "model": "blog"}}, {"model": "contenttypes.contenttype", "pk": 9, "fields": {"app_label": "blog", "model": "readnum"}}, {"model": "contenttypes.contenttype", "pk": 10, "fields": {"app_label": "read_statistics", "model": "readnum"}}, {"model": "contenttypes.contenttype", "pk": 11, "fields": {"app_label": "read_statistics", "model": "readdetail"}}, {"model": "contenttypes.contenttype", "pk": 12, "fields": {"app_label": "comment", "model": "comment"}}, {"model": "contenttypes.contenttype", "pk": 13, "fields": {"app_label": "likes", "model": "likecount"}}, {"model": "contenttypes.contenttype", "pk": 14, "fields": {"app_label": "likes", "model": "likerecord"}}, {"model": "contenttypes.contenttype", "pk": 15, "fields": {"app_label": "user", "model": "profile"}}, {"model": "sessions.session", "pk": "2nsxrgbqo9nx2cpw60u4d1e5eklevsql", "fields": {"session_data": "N2IzMmViYzE3ZTUyYmYxOGI1MmRlNTQzM2E0NDU5NDc2MmVkNGMyZjp7Il9hdXRoX3VzZXJfaWQiOiIxIiwiX2F1dGhfdXNlcl9iYWNrZW5kIjoiZGphbmdvLmNvbnRyaWIuYXV0aC5iYWNrZW5kcy5Nb2RlbEJhY2tlbmQiLCJfYXV0aF91c2VyX2hhc2giOiIzMWMyOWQyMWE2ZTQwOGMwNDg3NzQ4ZGNjZWIxNWNkMjlmZGI5NjIxIn0=", "expire_date": "2018-02-18T17:27:25.844Z"}}, {"model": "sessions.session", "pk": "2qf7m5i4cnn0ln4czsp3xuo2isaoq87r", "fields": {"session_data": "N2IzMmViYzE3ZTUyYmYxOGI1MmRlNTQzM2E0NDU5NDc2MmVkNGMyZjp7Il9hdXRoX3VzZXJfaWQiOiIxIiwiX2F1dGhfdXNlcl9iYWNrZW5kIjoiZGphbmdvLmNvbnRyaWIuYXV0aC5iYWNrZW5kcy5Nb2RlbEJhY2tlbmQiLCJfYXV0aF91c2VyX2hhc2giOiIzMWMyOWQyMWE2ZTQwOGMwNDg3NzQ4ZGNjZWIxNWNkMjlmZGI5NjIxIn0=", "expire_date": "2018-02-08T16:45:08.096Z"}}, {"model": "sessions.session", "pk": "2x395fnb3kke9mfqfeswxdtm4sswopxc", "fields": {"session_data": "NmJmNDNmNWE2MjlhNGM5MzQ1ZjVjNGM0MGRiYjQyNGI1MjkzYzAwOTp7Il9hdXRoX3VzZXJfaWQiOiI0IiwiX2F1dGhfdXNlcl9iYWNrZW5kIjoiZGphbmdvLmNvbnRyaWIuYXV0aC5iYWNrZW5kcy5Nb2RlbEJhY2tlbmQiLCJfYXV0aF91c2VyX2hhc2giOiIzMDhmOTEzNjkxZWNhOTk0MjBlOTM3NjhiNWVlOWNlNDQ1MzJiMjBiIn0=", "expire_date": "2018-11-25T10:14:16.508Z"}}, {"model": "sessions.session", "pk": "60tpad54tedxqyhts7eiwrjlzvj19x0b", "fields": {"session_data": "N2IzMmViYzE3ZTUyYmYxOGI1MmRlNTQzM2E0NDU5NDc2MmVkNGMyZjp7Il9hdXRoX3VzZXJfaWQiOiIxIiwiX2F1dGhfdXNlcl9iYWNrZW5kIjoiZGphbmdvLmNvbnRyaWIuYXV0aC5iYWNrZW5kcy5Nb2RlbEJhY2tlbmQiLCJfYXV0aF91c2VyX2hhc2giOiIzMWMyOWQyMWE2ZTQwOGMwNDg3NzQ4ZGNjZWIxNWNkMjlmZGI5NjIxIn0=", "expire_date": "2018-02-20T14:32:46.134Z"}}, {"model": "sessions.session", "pk": "88v1bkpso1psi1ki7tevqn7nk2fq8x6f", "fields": {"session_data": "MGQ4NDZhMjc2ZTVkNjFlZTBlNjg2OWU1NzkzMjlmYzU2MjQ4N2Y3Yjp7InNlbmRfZm9yIjoiNDM5NjcxIiwic2VuZF9jb2RlX3RpbWUiOjE1NDE5MTQ2ODZ9", "expire_date": "2018-11-25T06:14:33.401Z"}}, {"model": "sessions.session", "pk": "9vm5q2wvdehumcul1y62lf64f06ym3vo", "fields": {"session_data": "N2IzMmViYzE3ZTUyYmYxOGI1MmRlNTQzM2E0NDU5NDc2MmVkNGMyZjp7Il9hdXRoX3VzZXJfaWQiOiIxIiwiX2F1dGhfdXNlcl9iYWNrZW5kIjoiZGphbmdvLmNvbnRyaWIuYXV0aC5iYWNrZW5kcy5Nb2RlbEJhY2tlbmQiLCJfYXV0aF91c2VyX2hhc2giOiIzMWMyOWQyMWE2ZTQwOGMwNDg3NzQ4ZGNjZWIxNWNkMjlmZGI5NjIxIn0=", "expire_date": "2018-01-07T17:54:43.802Z"}}, {"model": "sessions.session", "pk": "b1qnir8vl580cod6y7i9hbxnpj46ce6i", "fields": {"session_data": "N2IzMmViYzE3ZTUyYmYxOGI1MmRlNTQzM2E0NDU5NDc2MmVkNGMyZjp7Il9hdXRoX3VzZXJfaWQiOiIxIiwiX2F1dGhfdXNlcl9iYWNrZW5kIjoiZGphbmdvLmNvbnRyaWIuYXV0aC5iYWNrZW5kcy5Nb2RlbEJhY2tlbmQiLCJfYXV0aF91c2VyX2hhc2giOiIzMWMyOWQyMWE2ZTQwOGMwNDg3NzQ4ZGNjZWIxNWNkMjlmZGI5NjIxIn0=", "expire_date": "2018-02-21T17:00:03.358Z"}}, {"model": "sessions.session", "pk": "hksft9rf8ez96tjtigt4nge6dbb4f856", "fields": {"session_data": "N2E5ODdlN2MyZDViODUwZDRjNmY2OTNmOWEzYTA4MjQ1NGIzMTgzNjp7Il9hdXRoX3VzZXJfaWQiOiIyIiwiX2F1dGhfdXNlcl9iYWNrZW5kIjoiZGphbmdvLmNvbnRyaWIuYXV0aC5iYWNrZW5kcy5Nb2RlbEJhY2tlbmQiLCJfYXV0aF91c2VyX2hhc2giOiI4NjQzY2RjYjA4Nzg0MjE2YTdiNjljMDk1YWU0ODg3NzhiNzJiNTc0In0=", "expire_date": "2018-11-04T07:24:17.550Z"}}, {"model": "sessions.session", "pk": "ig4glb9bclhog88twq0ynxawgh4fy3mf", "fields": {"session_data": "N2IzMmViYzE3ZTUyYmYxOGI1MmRlNTQzM2E0NDU5NDc2MmVkNGMyZjp7Il9hdXRoX3VzZXJfaWQiOiIxIiwiX2F1dGhfdXNlcl9iYWNrZW5kIjoiZGphbmdvLmNvbnRyaWIuYXV0aC5iYWNrZW5kcy5Nb2RlbEJhY2tlbmQiLCJfYXV0aF91c2VyX2hhc2giOiIzMWMyOWQyMWE2ZTQwOGMwNDg3NzQ4ZGNjZWIxNWNkMjlmZGI5NjIxIn0=", "expire_date": "2018-02-18T17:30:44.870Z"}}, {"model": "sessions.session", "pk": "ksdaeyy8929hgtarw5sp7df4setxrkvx", "fields": {"session_data": "N2IzMmViYzE3ZTUyYmYxOGI1MmRlNTQzM2E0NDU5NDc2MmVkNGMyZjp7Il9hdXRoX3VzZXJfaWQiOiIxIiwiX2F1dGhfdXNlcl9iYWNrZW5kIjoiZGphbmdvLmNvbnRyaWIuYXV0aC5iYWNrZW5kcy5Nb2RlbEJhY2tlbmQiLCJfYXV0aF91c2VyX2hhc2giOiIzMWMyOWQyMWE2ZTQwOGMwNDg3NzQ4ZGNjZWIxNWNkMjlmZGI5NjIxIn0=", "expire_date": "2018-03-09T17:34:33.897Z"}}, {"model": "sessions.session", "pk": "sputf6isbnmcfy3u81588dam4xyfag5j", "fields": {"session_data": "N2IzMmViYzE3ZTUyYmYxOGI1MmRlNTQzM2E0NDU5NDc2MmVkNGMyZjp7Il9hdXRoX3VzZXJfaWQiOiIxIiwiX2F1dGhfdXNlcl9iYWNrZW5kIjoiZGphbmdvLmNvbnRyaWIuYXV0aC5iYWNrZW5kcy5Nb2RlbEJhY2tlbmQiLCJfYXV0aF91c2VyX2hhc2giOiIzMWMyOWQyMWE2ZTQwOGMwNDg3NzQ4ZGNjZWIxNWNkMjlmZGI5NjIxIn0=", "expire_date": "2018-01-11T16:45:20.525Z"}}, {"model": "sessions.session", "pk": "v5h02l7n8y230wc23k2zqfia54x189gr", "fields": {"session_data": "N2IzMmViYzE3ZTUyYmYxOGI1MmRlNTQzM2E0NDU5NDc2MmVkNGMyZjp7Il9hdXRoX3VzZXJfaWQiOiIxIiwiX2F1dGhfdXNlcl9iYWNrZW5kIjoiZGphbmdvLmNvbnRyaWIuYXV0aC5iYWNrZW5kcy5Nb2RlbEJhY2tlbmQiLCJfYXV0aF91c2VyX2hhc2giOiIzMWMyOWQyMWE2ZTQwOGMwNDg3NzQ4ZGNjZWIxNWNkMjlmZGI5NjIxIn0=", "expire_date": "2018-02-21T17:26:54.345Z"}}, {"model": "sessions.session", "pk": "ypvbgqnk963znt4t801x8e0kq6g6gn2w", "fields": {"session_data": "N2E5ODdlN2MyZDViODUwZDRjNmY2OTNmOWEzYTA4MjQ1NGIzMTgzNjp7Il9hdXRoX3VzZXJfaWQiOiIyIiwiX2F1dGhfdXNlcl9iYWNrZW5kIjoiZGphbmdvLmNvbnRyaWIuYXV0aC5iYWNrZW5kcy5Nb2RlbEJhY2tlbmQiLCJfYXV0aF91c2VyX2hhc2giOiI4NjQzY2RjYjA4Nzg0MjE2YTdiNjljMDk1YWU0ODg3NzhiNzJiNTc0In0=", "expire_date": "2018-11-24T04:19:06.177Z"}}, {"model": "blog.blogtype", "pk": 1, "fields": {"type_name": "Django"}}, {"model": "blog.blogtype", "pk": 2, "fields": {"type_name": "\u968f\u7b14"}}, {"model": "blog.blogtype", "pk": 3, "fields": {"type_name": "\u611f\u609f"}}, {"model": "read_statistics.readnum", "pk": 1, "fields": {"read_num": 22, "content_type": 8, "object_id": 36}}, {"model": "read_statistics.readnum", "pk": 2, "fields": {"read_num": 5, "content_type": 8, "object_id": 34}}, {"model": "read_statistics.readnum", "pk": 3, "fields": {"read_num": 1, "content_type": 8, "object_id": 20}}, {"model": "read_statistics.readnum", "pk": 4, "fields": {"read_num": 4, "content_type": 8, "object_id": 35}}, {"model": "read_statistics.readnum", "pk": 5, "fields": {"read_num": 2, "content_type": 8, "object_id": 33}}, {"model": "read_statistics.readnum", "pk": 6, "fields": {"read_num": 2, "content_type": 8, "object_id": 32}}, {"model": "read_statistics.readnum", "pk": 7, "fields": {"read_num": 3, "content_type": 8, "object_id": 31}}, {"model": "read_statistics.readdetail", "pk": 1, "fields": {"date": "2018-10-20", "read_num": 4, "content_type": 8, "object_id": 36}}, {"model": "read_statistics.readdetail", "pk": 2, "fields": {"date": "2018-10-21", "read_num": 1, "content_type": 8, "object_id": 35}}, {"model": "read_statistics.readdetail", "pk": 3, "fields": {"date": "2018-10-21", "read_num": 1, "content_type": 8, "object_id": 34}}, {"model": "read_statistics.readdetail", "pk": 4, "fields": {"date": "2018-10-27", "read_num": 2, "content_type": 8, "object_id": 36}}, {"model": "read_statistics.readdetail", "pk": 5, "fields": {"date": "2018-10-28", "read_num": 1, "content_type": 8, "object_id": 36}}, {"model": "read_statistics.readdetail", "pk": 6, "fields": {"date": "2018-10-30", "read_num": 1, "content_type": 8, "object_id": 36}}, {"model": "read_statistics.readdetail", "pk": 7, "fields": {"date": "2018-10-31", "read_num": 1, "content_type": 8, "object_id": 36}}, {"model": "read_statistics.readdetail", "pk": 8, "fields": {"date": "2018-11-03", "read_num": 1, "content_type": 8, "object_id": 36}}, {"model": "read_statistics.readdetail", "pk": 9, "fields": {"date": "2018-11-04", "read_num": 1, "content_type": 8, "object_id": 36}}, {"model": "read_statistics.readdetail", "pk": 10, "fields": {"date": "2018-11-04", "read_num": 1, "content_type": 8, "object_id": 35}}, {"model": "read_statistics.readdetail", "pk": 11, "fields": {"date": "2018-11-04", "read_num": 1, "content_type": 8, "object_id": 34}}, {"model": "read_statistics.readdetail", "pk": 12, "fields": {"date": "2018-11-10", "read_num": 1, "content_type": 8, "object_id": 36}}, {"model": "read_statistics.readdetail", "pk": 13, "fields": {"date": "2018-11-10", "read_num": 1, "content_type": 8, "object_id": 35}}, {"model": "read_statistics.readdetail", "pk": 14, "fields": {"date": "2018-11-10", "read_num": 1, "content_type": 8, "object_id": 34}}, {"model": "read_statistics.readdetail", "pk": 15, "fields": {"date": "2018-11-10", "read_num": 1, "content_type": 8, "object_id": 33}}, {"model": "read_statistics.readdetail", "pk": 16, "fields": {"date": "2018-11-10", "read_num": 1, "content_type": 8, "object_id": 32}}, {"model": "read_statistics.readdetail", "pk": 17, "fields": {"date": "2018-11-10", "read_num": 1, "content_type": 8, "object_id": 31}}, {"model": "read_statistics.readdetail", "pk": 18, "fields": {"date": "2018-11-11", "read_num": 1, "content_type": 8, "object_id": 31}}, {"model": "read_statistics.readdetail", "pk": 19, "fields": {"date": "2018-11-13", "read_num": 1, "content_type": 8, "object_id": 31}}, {"model": "likes.likecount", "pk": 1, "fields": {"content_type": 8, "object_id": 36, "liked_num": 0}}, {"model": "likes.likecount", "pk": 2, "fields": {"content_type": 8, "object_id": 35, "liked_num": 1}}, {"model": "likes.likecount", "pk": 3, "fields": {"content_type": 8, "object_id": 34, "liked_num": 1}}, {"model": "likes.likecount", "pk": 4, "fields": {"content_type": 8, "object_id": 33, "liked_num": 0}}, {"model": "likes.likecount", "pk": 5, "fields": {"content_type": 8, "object_id": 32, "liked_num": 0}}, {"model": "likes.likecount", "pk": 6, "fields": {"content_type": 8, "object_id": 31, "liked_num": 2}}, {"model": "likes.likecount", "pk": 7, "fields": {"content_type": 8, "object_id": 30, "liked_num": 0}}, {"model": "likes.likecount", "pk": 8, "fields": {"content_type": 12, "object_id": 102, "liked_num": 0}}, {"model": "likes.likecount", "pk": 9, "fields": {"content_type": 12, "object_id": 103, "liked_num": 0}}, {"model": "likes.likecount", "pk": 10, "fields": {"content_type": 12, "object_id": 1, "liked_num": 0}}, {"model": "likes.likecount", "pk": 11, "fields": {"content_type": 12, "object_id": 2, "liked_num": 0}}, {"model": "likes.likecount", "pk": 12, "fields": {"content_type": 12, "object_id": 93, "liked_num": 0}}, {"model": "likes.likecount", "pk": 13, "fields": {"content_type": 12, "object_id": 94, "liked_num": 0}}, {"model": "likes.likecount", "pk": 14, "fields": {"content_type": 12, "object_id": 3, "liked_num": 0}}, {"model": "likes.likecount", "pk": 15, "fields": {"content_type": 12, "object_id": 39, "liked_num": 0}}, {"model": "likes.likecount", "pk": 16, "fields": {"content_type": 12, "object_id": 44, "liked_num": 0}}, {"model": "likes.likecount", "pk": 17, "fields": {"content_type": 12, "object_id": 45, "liked_num": 0}}, {"model": "likes.likecount", "pk": 18, "fields": {"content_type": 12, "object_id": 46, "liked_num": 0}}, {"model": "likes.likecount", "pk": 19, "fields": {"content_type": 12, "object_id": 47, "liked_num": 0}}, {"model": "likes.likecount", "pk": 20, "fields": {"content_type": 12, "object_id": 48, "liked_num": 0}}, {"model": "likes.likecount", "pk": 21, "fields": {"content_type": 12, "object_id": 49, "liked_num": 0}}, {"model": "likes.likecount", "pk": 22, "fields": {"content_type": 12, "object_id": 50, "liked_num": 0}}, {"model": "likes.likecount", "pk": 23, "fields": {"content_type": 12, "object_id": 51, "liked_num": 0}}, {"model": "likes.likecount", "pk": 24, "fields": {"content_type": 12, "object_id": 52, "liked_num": 0}}, {"model": "likes.likecount", "pk": 25, "fields": {"content_type": 12, "object_id": 53, "liked_num": 0}}, {"model": "likes.likecount", "pk": 26, "fields": {"content_type": 12, "object_id": 54, "liked_num": 0}}, {"model": "likes.likecount", "pk": 27, "fields": {"content_type": 12, "object_id": 55, "liked_num": 0}}, {"model": "likes.likecount", "pk": 28, "fields": {"content_type": 12, "object_id": 56, "liked_num": 0}}, {"model": "likes.likecount", "pk": 29, "fields": {"content_type": 12, "object_id": 57, "liked_num": 0}}, {"model": "likes.likecount", "pk": 30, "fields": {"content_type": 12, "object_id": 58, "liked_num": 0}}, {"model": "likes.likecount", "pk": 31, "fields": {"content_type": 12, "object_id": 59, "liked_num": 0}}, {"model": "likes.likecount", "pk": 32, "fields": {"content_type": 12, "object_id": 60, "liked_num": 0}}, {"model": "likes.likecount", "pk": 33, "fields": {"content_type": 12, "object_id": 61, "liked_num": 0}}, {"model": "likes.likecount", "pk": 34, "fields": {"content_type": 12, "object_id": 62, "liked_num": 0}}, {"model": "likes.likecount", "pk": 35, "fields": {"content_type": 12, "object_id": 63, "liked_num": 0}}, {"model": "likes.likecount", "pk": 36, "fields": {"content_type": 12, "object_id": 64, "liked_num": 0}}, {"model": "likes.likecount", "pk": 37, "fields": {"content_type": 12, "object_id": 65, "liked_num": 0}}, {"model": "likes.likecount", "pk": 38, "fields": {"content_type": 12, "object_id": 66, "liked_num": 0}}, {"model": "likes.likecount", "pk": 39, "fields": {"content_type": 12, "object_id": 67, "liked_num": 0}}, {"model": "likes.likecount", "pk": 40, "fields": {"content_type": 12, "object_id": 68, "liked_num": 0}}, {"model": "likes.likecount", "pk": 41, "fields": {"content_type": 12, "object_id": 69, "liked_num": 0}}, {"model": "likes.likecount", "pk": 42, "fields": {"content_type": 12, "object_id": 70, "liked_num": 0}}, {"model": "likes.likecount", "pk": 43, "fields": {"content_type": 12, "object_id": 71, "liked_num": 0}}, {"model": "likes.likecount", "pk": 44, "fields": {"content_type": 12, "object_id": 72, "liked_num": 0}}, {"model": "likes.likecount", "pk": 45, "fields": {"content_type": 12, "object_id": 73, "liked_num": 0}}, {"model": "likes.likecount", "pk": 46, "fields": {"content_type": 12, "object_id": 74, "liked_num": 0}}, {"model": "likes.likecount", "pk": 47, "fields": {"content_type": 12, "object_id": 75, "liked_num": 0}}, {"model": "likes.likecount", "pk": 48, "fields": {"content_type": 12, "object_id": 76, "liked_num": 0}}, {"model": "likes.likecount", "pk": 49, "fields": {"content_type": 12, "object_id": 77, "liked_num": 0}}, {"model": "likes.likecount", "pk": 50, "fields": {"content_type": 12, "object_id": 78, "liked_num": 0}}, {"model": "likes.likecount", "pk": 51, "fields": {"content_type": 12, "object_id": 79, "liked_num": 0}}, {"model": "likes.likecount", "pk": 52, "fields": {"content_type": 12, "object_id": 80, "liked_num": 0}}, {"model": "likes.likecount", "pk": 53, "fields": {"content_type": 12, "object_id": 81, "liked_num": 0}}, {"model": "likes.likecount", "pk": 54, "fields": {"content_type": 12, "object_id": 82, "liked_num": 0}}, {"model": "likes.likecount", "pk": 55, "fields": {"content_type": 12, "object_id": 83, "liked_num": 0}}, {"model": "likes.likecount", "pk": 56, "fields": {"content_type": 12, "object_id": 84, "liked_num": 0}}, {"model": "likes.likecount", "pk": 57, "fields": {"content_type": 12, "object_id": 85, "liked_num": 0}}, {"model": "likes.likecount", "pk": 58, "fields": {"content_type": 12, "object_id": 86, "liked_num": 0}}, {"model": "likes.likecount", "pk": 59, "fields": {"content_type": 12, "object_id": 87, "liked_num": 0}}, {"model": "likes.likecount", "pk": 60, "fields": {"content_type": 12, "object_id": 88, "liked_num": 0}}, {"model": "likes.likecount", "pk": 61, "fields": {"content_type": 12, "object_id": 89, "liked_num": 0}}, {"model": "likes.likecount", "pk": 62, "fields": {"content_type": 12, "object_id": 90, "liked_num": 0}}, {"model": "likes.likecount", "pk": 63, "fields": {"content_type": 12, "object_id": 91, "liked_num": 0}}, {"model": "likes.likecount", "pk": 64, "fields": {"content_type": 12, "object_id": 92, "liked_num": 0}}, {"model": "likes.likecount", "pk": 65, "fields": {"content_type": 12, "object_id": 95, "liked_num": 0}}, {"model": "likes.likecount", "pk": 66, "fields": {"content_type": 12, "object_id": 96, "liked_num": 0}}, {"model": "likes.likecount", "pk": 67, "fields": {"content_type": 12, "object_id": 97, "liked_num": 0}}, {"model": "likes.likecount", "pk": 68, "fields": {"content_type": 12, "object_id": 98, "liked_num": 0}}, {"model": "likes.likecount", "pk": 69, "fields": {"content_type": 12, "object_id": 99, "liked_num": 0}}, {"model": "likes.likecount", "pk": 70, "fields": {"content_type": 12, "object_id": 100, "liked_num": 0}}, {"model": "likes.likecount", "pk": 71, "fields": {"content_type": 12, "object_id": 101, "liked_num": 0}}, {"model": "likes.likecount", "pk": 72, "fields": {"content_type": 12, "object_id": 104, "liked_num": 1}}, {"model": "likes.likecount", "pk": 73, "fields": {"content_type": 12, "object_id": 105, "liked_num": 0}}, {"model": "likes.likecount", "pk": 74, "fields": {"content_type": 12, "object_id": 106, "liked_num": 0}}, {"model": "likes.likecount", "pk": 75, "fields": {"content_type": 12, "object_id": 107, "liked_num": 0}}, {"model": "likes.likecount", "pk": 76, "fields": {"content_type": 12, "object_id": 108, "liked_num": 0}}, {"model": "likes.likecount", "pk": 77, "fields": {"content_type": 12, "object_id": 109, "liked_num": 0}}, {"model": "likes.likecount", "pk": 78, "fields": {"content_type": 12, "object_id": 110, "liked_num": 0}}, {"model": "likes.likecount", "pk": 79, "fields": {"content_type": 12, "object_id": 111, "liked_num": 0}}, {"model": "likes.likecount", "pk": 80, "fields": {"content_type": 12, "object_id": 112, "liked_num": 0}}, {"model": "likes.likecount", "pk": 81, "fields": {"content_type": 12, "object_id": 113, "liked_num": 0}}, {"model": "likes.likecount", "pk": 82, "fields": {"content_type": 12, "object_id": 114, "liked_num": 0}}, {"model": "likes.likecount", "pk": 83, "fields": {"content_type": 12, "object_id": 115, "liked_num": 0}}, {"model": "likes.likecount", "pk": 84, "fields": {"content_type": 12, "object_id": 116, "liked_num": 0}}, {"model": "likes.likecount", "pk": 85, "fields": {"content_type": 12, "object_id": 117, "liked_num": 0}}, {"model": "likes.likecount", "pk": 86, "fields": {"content_type": 12, "object_id": 118, "liked_num": 0}}, {"model": "likes.likecount", "pk": 87, "fields": {"content_type": 12, "object_id": 119, "liked_num": 0}}, {"model": "likes.likecount", "pk": 88, "fields": {"content_type": 12, "object_id": 120, "liked_num": 0}}, {"model": "likes.likecount", "pk": 89, "fields": {"content_type": 12, "object_id": 121, "liked_num": 0}}, {"model": "likes.likecount", "pk": 90, "fields": {"content_type": 12, "object_id": 122, "liked_num": 0}}, {"model": "likes.likecount", "pk": 91, "fields": {"content_type": 12, "object_id": 123, "liked_num": 0}}, {"model": "likes.likecount", "pk": 92, "fields": {"content_type": 12, "object_id": 124, "liked_num": 0}}, {"model": "likes.likecount", "pk": 93, "fields": {"content_type": 12, "object_id": 125, "liked_num": 0}}, {"model": "likes.likecount", "pk": 94, "fields": {"content_type": 12, "object_id": 126, "liked_num": 0}}, {"model": "likes.likecount", "pk": 95, "fields": {"content_type": 12, "object_id": 127, "liked_num": 0}}, {"model": "likes.likecount", "pk": 96, "fields": {"content_type": 12, "object_id": 128, "liked_num": 1}}, {"model": "likes.likecount", "pk": 97, "fields": {"content_type": 12, "object_id": 129, "liked_num": 0}}, {"model": "likes.likecount", "pk": 98, "fields": {"content_type": 12, "object_id": 130, "liked_num": 0}}, {"model": "likes.likecount", "pk": 99, "fields": {"content_type": 12, "object_id": 131, "liked_num": 0}}, {"model": "likes.likecount", "pk": 100, "fields": {"content_type": 12, "object_id": 132, "liked_num": 0}}, {"model": "likes.likecount", "pk": 101, "fields": {"content_type": 12, "object_id": 133, "liked_num": 0}}, {"model": "likes.likecount", "pk": 102, "fields": {"content_type": 12, "object_id": 134, "liked_num": 0}}, {"model": "likes.likecount", "pk": 103, "fields": {"content_type": 12, "object_id": 135, "liked_num": 0}}, {"model": "likes.likecount", "pk": 104, "fields": {"content_type": 12, "object_id": 136, "liked_num": 0}}, {"model": "likes.likecount", "pk": 105, "fields": {"content_type": 12, "object_id": 137, "liked_num": 0}}, {"model": "likes.likecount", "pk": 106, "fields": {"content_type": 12, "object_id": 138, "liked_num": 0}}, {"model": "likes.likecount", "pk": 107, "fields": {"content_type": 12, "object_id": 139, "liked_num": 0}}, {"model": "likes.likecount", "pk": 108, "fields": {"content_type": 12, "object_id": 140, "liked_num": 0}}, {"model": "likes.likecount", "pk": 109, "fields": {"content_type": 12, "object_id": 141, "liked_num": 0}}, {"model": "likes.likecount", "pk": 110, "fields": {"content_type": 12, "object_id": 142, "liked_num": 0}}, {"model": "likes.likecount", "pk": 111, "fields": {"content_type": 12, "object_id": 143, "liked_num": 0}}, {"model": "likes.likecount", "pk": 112, "fields": {"content_type": 12, "object_id": 144, "liked_num": 0}}, {"model": "likes.likecount", "pk": 113, "fields": {"content_type": 12, "object_id": 145, "liked_num": 0}}, {"model": "likes.likecount", "pk": 114, "fields": {"content_type": 12, "object_id": 146, "liked_num": 0}}, {"model": "likes.likecount", "pk": 115, "fields": {"content_type": 12, "object_id": 147, "liked_num": 0}}, {"model": "likes.likecount", "pk": 116, "fields": {"content_type": 12, "object_id": 148, "liked_num": 0}}, {"model": "likes.likecount", "pk": 117, "fields": {"content_type": 12, "object_id": 149, "liked_num": 0}}, {"model": "likes.likecount", "pk": 118, "fields": {"content_type": 12, "object_id": 150, "liked_num": 0}}, {"model": "likes.likecount", "pk": 119, "fields": {"content_type": 12, "object_id": 151, "liked_num": 0}}, {"model": "likes.likecount", "pk": 120, "fields": {"content_type": 12, "object_id": 152, "liked_num": 0}}, {"model": "likes.likecount", "pk": 121, "fields": {"content_type": 12, "object_id": 153, "liked_num": 0}}, {"model": "likes.likecount", "pk": 122, "fields": {"content_type": 12, "object_id": 154, "liked_num": 0}}, {"model": "likes.likecount", "pk": 123, "fields": {"content_type": 12, "object_id": 155, "liked_num": 0}}, {"model": "likes.likecount", "pk": 124, "fields": {"content_type": 12, "object_id": 156, "liked_num": 0}}, {"model": "likes.likecount", "pk": 125, "fields": {"content_type": 12, "object_id": 157, "liked_num": 0}}, {"model": "likes.likecount", "pk": 126, "fields": {"content_type": 12, "object_id": 158, "liked_num": 0}}, {"model": "likes.likecount", "pk": 127, "fields": {"content_type": 12, "object_id": 159, "liked_num": 0}}, {"model": "likes.likecount", "pk": 128, "fields": {"content_type": 12, "object_id": 160, "liked_num": 0}}, {"model": "likes.likecount", "pk": 129, "fields": {"content_type": 12, "object_id": 161, "liked_num": 0}}, {"model": "likes.likecount", "pk": 130, "fields": {"content_type": 12, "object_id": 162, "liked_num": 0}}, {"model": "likes.likecount", "pk": 131, "fields": {"content_type": 12, "object_id": 163, "liked_num": 0}}, {"model": "likes.likecount", "pk": 132, "fields": {"content_type": 12, "object_id": 164, "liked_num": 0}}, {"model": "likes.likecount", "pk": 133, "fields": {"content_type": 12, "object_id": 165, "liked_num": 0}}, {"model": "likes.likecount", "pk": 134, "fields": {"content_type": 12, "object_id": 166, "liked_num": 1}}, {"model": "likes.likecount", "pk": 135, "fields": {"content_type": 12, "object_id": 168, "liked_num": 1}}, {"model": "likes.likecount", "pk": 136, "fields": {"content_type": 12, "object_id": 167, "liked_num": 0}}, {"model": "likes.likecount", "pk": 137, "fields": {"content_type": 12, "object_id": 169, "liked_num": 0}}, {"model": "likes.likecount", "pk": 138, "fields": {"content_type": 12, "object_id": 170, "liked_num": 0}}, {"model": "likes.likecount", "pk": 139, "fields": {"content_type": 12, "object_id": 171, "liked_num": 0}}, {"model": "likes.likecount", "pk": 140, "fields": {"content_type": 12, "object_id": 172, "liked_num": 0}}, {"model": "likes.likecount", "pk": 141, "fields": {"content_type": 12, "object_id": 173, "liked_num": 0}}, {"model": "likes.likecount", "pk": 142, "fields": {"content_type": 12, "object_id": 174, "liked_num": 0}}, {"model": "likes.likecount", "pk": 143, "fields": {"content_type": 12, "object_id": 175, "liked_num": 0}}, {"model": "likes.likecount", "pk": 144, "fields": {"content_type": 12, "object_id": 176, "liked_num": 0}}, {"model": "likes.likecount", "pk": 145, "fields": {"content_type": 12, "object_id": 177, "liked_num": 0}}, {"model": "likes.likecount", "pk": 146, "fields": {"content_type": 12, "object_id": 178, "liked_num": 0}}, {"model": "likes.likecount", "pk": 147, "fields": {"content_type": 12, "object_id": 179, "liked_num": 0}}, {"model": "likes.likecount", "pk": 148, "fields": {"content_type": 12, "object_id": 180, "liked_num": 0}}, {"model": "likes.likecount", "pk": 149, "fields": {"content_type": 12, "object_id": 181, "liked_num": 0}}, {"model": "likes.likecount", "pk": 150, "fields": {"content_type": 12, "object_id": 182, "liked_num": 0}}, {"model": "likes.likecount", "pk": 151, "fields": {"content_type": 12, "object_id": 183, "liked_num": 0}}, {"model": "likes.likecount", "pk": 152, "fields": {"content_type": 12, "object_id": 184, "liked_num": 0}}, {"model": "likes.likecount", "pk": 153, "fields": {"content_type": 12, "object_id": 185, "liked_num": 0}}, {"model": "likes.likecount", "pk": 154, "fields": {"content_type": 12, "object_id": 186, "liked_num": 0}}, {"model": "likes.likecount", "pk": 155, "fields": {"content_type": 12, "object_id": 187, "liked_num": 0}}, {"model": "likes.likecount", "pk": 156, "fields": {"content_type": 12, "object_id": 188, "liked_num": 0}}, {"model": "likes.likecount", "pk": 157, "fields": {"content_type": 12, "object_id": 189, "liked_num": 0}}, {"model": "likes.likecount", "pk": 158, "fields": {"content_type": 12, "object_id": 190, "liked_num": 0}}, {"model": "likes.likecount", "pk": 159, "fields": {"content_type": 12, "object_id": 191, "liked_num": 0}}, {"model": "likes.likecount", "pk": 160, "fields": {"content_type": 12, "object_id": 192, "liked_num": 0}}, {"model": "likes.likecount", "pk": 161, "fields": {"content_type": 12, "object_id": 193, "liked_num": 0}}, {"model": "likes.likecount", "pk": 162, "fields": {"content_type": 12, "object_id": 194, "liked_num": 0}}, {"model": "likes.likecount", "pk": 163, "fields": {"content_type": 12, "object_id": 195, "liked_num": 0}}, {"model": "likes.likecount", "pk": 164, "fields": {"content_type": 12, "object_id": 196, "liked_num": 0}}, {"model": "likes.likecount", "pk": 165, "fields": {"content_type": 12, "object_id": 197, "liked_num": 0}}, {"model": "likes.likecount", "pk": 166, "fields": {"content_type": 12, "object_id": 198, "liked_num": 0}}, {"model": "likes.likecount", "pk": 167, "fields": {"content_type": 12, "object_id": 199, "liked_num": 0}}, {"model": "likes.likecount", "pk": 168, "fields": {"content_type": 12, "object_id": 200, "liked_num": 0}}, {"model": "auth.permission", "pk": 1, "fields": {"name": "Can add log entry", "content_type": 1, "codename": "add_logentry"}}, {"model": "auth.permission", "pk": 2, "fields": {"name": "Can change log entry", "content_type": 1, "codename": "change_logentry"}}, {"model": "auth.permission", "pk": 3, "fields": {"name": "Can delete log entry", "content_type": 1, "codename": "delete_logentry"}}, {"model": "auth.permission", "pk": 4, "fields": {"name": "Can add permission", "content_type": 2, "codename": "add_permission"}}, {"model": "auth.permission", "pk": 5, "fields": {"name": "Can change permission", "content_type": 2, "codename": "change_permission"}}, {"model": "auth.permission", "pk": 6, "fields": {"name": "Can delete permission", "content_type": 2, "codename": "delete_permission"}}, {"model": "auth.permission", "pk": 7, "fields": {"name": "Can add group", "content_type": 3, "codename": "add_group"}}, {"model": "auth.permission", "pk": 8, "fields": {"name": "Can change group", "content_type": 3, "codename": "change_group"}}, {"model": "auth.permission", "pk": 9, "fields": {"name": "Can delete group", "content_type": 3, "codename": "delete_group"}}, {"model": "auth.permission", "pk": 10, "fields": {"name": "Can add user", "content_type": 4, "codename": "add_user"}}, {"model": "auth.permission", "pk": 11, "fields": {"name": "Can change user", "content_type": 4, "codename": "change_user"}}, {"model": "auth.permission", "pk": 12, "fields": {"name": "Can delete user", "content_type": 4, "codename": "delete_user"}}, {"model": "auth.permission", "pk": 13, "fields": {"name": "Can add content type", "content_type": 5, "codename": "add_contenttype"}}, {"model": "auth.permission", "pk": 14, "fields": {"name": "Can change content type", "content_type": 5, "codename": "change_contenttype"}}, {"model": "auth.permission", "pk": 15, "fields": {"name": "Can delete content type", "content_type": 5, "codename": "delete_contenttype"}}, {"model": "auth.permission", "pk": 16, "fields": {"name": "Can add session", "content_type": 6, "codename": "add_session"}}, {"model": "auth.permission", "pk": 17, "fields": {"name": "Can change session", "content_type": 6, "codename": "change_session"}}, {"model": "auth.permission", "pk": 18, "fields": {"name": "Can delete session", "content_type": 6, "codename": "delete_session"}}, {"model": "auth.permission", "pk": 19, "fields": {"name": "Can add blog type", "content_type": 7, "codename": "add_blogtype"}}, {"model": "auth.permission", "pk": 20, "fields": {"name": "Can change blog type", "content_type": 7, "codename": "change_blogtype"}}, {"model": "auth.permission", "pk": 21, "fields": {"name": "Can delete blog type", "content_type": 7, "codename": "delete_blogtype"}}, {"model": "auth.permission", "pk": 22, "fields": {"name": "Can add blog", "content_type": 8, "codename": "add_blog"}}, {"model": "auth.permission", "pk": 23, "fields": {"name": "Can change blog", "content_type": 8, "codename": "change_blog"}}, {"model": "auth.permission", "pk": 24, "fields": {"name": "Can delete blog", "content_type": 8, "codename": "delete_blog"}}, {"model": "auth.permission", "pk": 25, "fields": {"name": "Can add read num", "content_type": 9, "codename": "add_readnum"}}, {"model": "auth.permission", "pk": 26, "fields": {"name": "Can change read num", "content_type": 9, "codename": "change_readnum"}}, {"model": "auth.permission", "pk": 27, "fields": {"name": "Can delete read num", "content_type": 9, "codename": "delete_readnum"}}, {"model": "auth.permission", "pk": 28, "fields": {"name": "Can add read num", "content_type": 10, "codename": "add_readnum"}}, {"model": "auth.permission", "pk": 29, "fields": {"name": "Can change read num", "content_type": 10, "codename": "change_readnum"}}, {"model": "auth.permission", "pk": 30, "fields": {"name": "Can delete read num", "content_type": 10, "codename": "delete_readnum"}}, {"model": "auth.permission", "pk": 31, "fields": {"name": "Can add read detail", "content_type": 11, "codename": "add_readdetail"}}, {"model": "auth.permission", "pk": 32, "fields": {"name": "Can change read detail", "content_type": 11, "codename": "change_readdetail"}}, {"model": "auth.permission", "pk": 33, "fields": {"name": "Can delete read detail", "content_type": 11, "codename": "delete_readdetail"}}, {"model": "auth.permission", "pk": 34, "fields": {"name": "Can add comment", "content_type": 12, "codename": "add_comment"}}, {"model": "auth.permission", "pk": 35, "fields": {"name": "Can change comment", "content_type": 12, "codename": "change_comment"}}, {"model": "auth.permission", "pk": 36, "fields": {"name": "Can delete comment", "content_type": 12, "codename": "delete_comment"}}, {"model": "auth.permission", "pk": 37, "fields": {"name": "Can add like count", "content_type": 13, "codename": "add_likecount"}}, {"model": "auth.permission", "pk": 38, "fields": {"name": "Can change like count", "content_type": 13, "codename": "change_likecount"}}, {"model": "auth.permission", "pk": 39, "fields": {"name": "Can delete like count", "content_type": 13, "codename": "delete_likecount"}}, {"model": "auth.permission", "pk": 40, "fields": {"name": "Can add like record", "content_type": 14, "codename": "add_likerecord"}}, {"model": "auth.permission", "pk": 41, "fields": {"name": "Can change like record", "content_type": 14, "codename": "change_likerecord"}}, {"model": "auth.permission", "pk": 42, "fields": {"name": "Can delete like record", "content_type": 14, "codename": "delete_likerecord"}}, {"model": "auth.permission", "pk": 43, "fields": {"name": "Can add profile", "content_type": 15, "codename": "add_profile"}}, {"model": "auth.permission", "pk": 44, "fields": {"name": "Can change profile", "content_type": 15, "codename": "change_profile"}}, {"model": "auth.permission", "pk": 45, "fields": {"name": "Can delete profile", "content_type": 15, "codename": "delete_profile"}}, {"model": "auth.user", "pk": 1, "fields": {"password": "pbkdf2_sha256$100000$zmC2m11A2u3b$QX6niOdeh7g0ilMyoU4UR31M14ZK7nn4KAA6O/EFPrk=", "last_login": "2018-02-23T17:34:33.883Z", "is_superuser": true, "username": "ysh", "first_name": "", "last_name": "", "email": "", "is_staff": true, "is_active": true, "date_joined": "2017-12-24T17:49:50.554Z", "groups": [], "user_permissions": []}}, {"model": "auth.user", "pk": 2, "fields": {"password": "pbkdf2_sha256$100000$oTpcuMUX0ZLT$AS9qbYC7yWrVMFBs9YwuF6ilOD7hDAa4+sZSgQHzeAU=", "last_login": "2018-11-11T08:35:19.569Z", "is_superuser": true, "username": "mateng", "first_name": "", "last_name": "", "email": "mateng689@163.com", "is_staff": true, "is_active": true, "date_joined": "2018-10-21T07:24:00Z", "groups": [], "user_permissions": []}}, {"model": "auth.user", "pk": 4, "fields": {"password": "pbkdf2_sha256$100000$owboMw8Ql1xD$RCAJHgoLcit93Sz0G98ZH2PkShAdX/ucVAOZ/22/TLY=", "last_login": "2018-11-11T10:14:16.500Z", "is_superuser": false, "username": "123", "first_name": "", "last_name": "", "email": "498974493@qq.com", "is_staff": false, "is_active": true, "date_joined": "2018-11-11T06:21:26.624Z", "groups": [], "user_permissions": []}}, {"model": "blog.blog", "pk": 3, "fields": {"title": "\u957f\u5185\u5bb9\u7684\u535a\u5ba2", "blog_type": 2, "content": "<h2>1\u3001\u6d4b\u8bd5</h2>\r\n\r\n<p>\u963f\u65af\u987f\u623f\u4ef7\u963f\u65af\u987f\u623f\u4ef7\u963f\u65af\u987f\u623f\u4ef7\u963f<strong>\u65af\u987f\u623f\u4ef7\u963f\u65af</strong><br />\r\n\u987f\u623f\u4ef7\u963f\u65af\u987f\u623f\u4ef7\u963f\u65af\u987f\u623f</p>\r\n\r\n<p><img alt=\"\" src=\"/media/upload/2018/02/05/lwpbrq.png\" style=\"height:240px\" /></p>\r\n\r\n<p><span style=\"color:#1abc9c\">sdfsdfsdf</span></p>\r\n\r\n<p><span style=\"color:#1abc9c\">sdfsdf<span style=\"background-color:#f39c12\">sdfsdf</span></span></p>", "author": 1, "created_time": "2017-12-28T16:52:41.398Z", "last_updated_time": "2018-02-04T18:06:59.335Z"}}, {"model": "blog.blog", "pk": 4, "fields": {"title": "\u968f\u7b142", "blog_type": 2, "content": "\u58eb\u5927\u592b", "author": 1, "created_time": "2017-12-28T17:14:14.805Z", "last_updated_time": "2017-12-28T17:14:14.806Z"}}, {"model": "blog.blog", "pk": 5, "fields": {"title": "Django1", "blog_type": 1, "content": "test", "author": 1, "created_time": "2017-12-28T17:14:29.850Z", "last_updated_time": "2017-12-28T17:14:29.850Z"}}, {"model": "blog.blog", "pk": 6, "fields": {"title": "shell\u4e0b\u7b2c1\u7bc7", "blog_type": 1, "content": "xxxxxxx", "author": 1, "created_time": "2018-01-19T17:53:22.745Z", "last_updated_time": "2018-01-19T17:53:22.745Z"}}, {"model": "blog.blog", "pk": 7, "fields": {"title": "for 1", "blog_type": 1, "content": "xxxx:1", "author": 1, "created_time": "2018-01-19T18:00:40.831Z", "last_updated_time": "2018-01-19T18:00:40.831Z"}}, {"model": "blog.blog", "pk": 8, "fields": {"title": "for 2", "blog_type": 1, "content": "xxxx:2", "author": 1, "created_time": "2018-01-19T18:00:40.846Z", "last_updated_time": "2018-01-19T18:00:40.847Z"}}, {"model": "blog.blog", "pk": 9, "fields": {"title": "for 3", "blog_type": 1, "content": "xxxx:3", "author": 1, "created_time": "2018-01-19T18:00:40.856Z", "last_updated_time": "2018-01-19T18:00:40.856Z"}}, {"model": "blog.blog", "pk": 10, "fields": {"title": "for 4", "blog_type": 1, "content": "xxxx:4", "author": 1, "created_time": "2018-01-19T18:00:40.867Z", "last_updated_time": "2018-01-19T18:00:40.867Z"}}, {"model": "blog.blog", "pk": 11, "fields": {"title": "for 5", "blog_type": 1, "content": "xxxx:5", "author": 1, "created_time": "2018-01-19T18:00:40.874Z", "last_updated_time": "2018-01-19T18:00:40.874Z"}}, {"model": "blog.blog", "pk": 12, "fields": {"title": "for 6", "blog_type": 1, "content": "xxxx:6", "author": 1, "created_time": "2018-01-19T18:00:40.880Z", "last_updated_time": "2018-01-19T18:00:40.880Z"}}, {"model": "blog.blog", "pk": 13, "fields": {"title": "for 7", "blog_type": 1, "content": "xxxx:7", "author": 1, "created_time": "2018-01-19T18:00:40.889Z", "last_updated_time": "2018-01-19T18:00:40.889Z"}}, {"model": "blog.blog", "pk": 14, "fields": {"title": "for 8", "blog_type": 1, "content": "xxxx:8", "author": 1, "created_time": "2018-01-19T18:00:40.897Z", "last_updated_time": "2018-01-19T18:00:40.897Z"}}, {"model": "blog.blog", "pk": 15, "fields": {"title": "for 9", "blog_type": 1, "content": "xxxx:9", "author": 1, "created_time": "2018-01-19T18:00:40.906Z", "last_updated_time": "2018-01-19T18:00:40.906Z"}}, {"model": "blog.blog", "pk": 16, "fields": {"title": "for 10", "blog_type": 1, "content": "xxxx:10", "author": 1, "created_time": "2018-01-19T18:00:40.913Z", "last_updated_time": "2018-01-19T18:00:40.913Z"}}, {"model": "blog.blog", "pk": 17, "fields": {"title": "for 11", "blog_type": 1, "content": "xxxx:11", "author": 1, "created_time": "2018-01-19T18:00:40.922Z", "last_updated_time": "2018-01-19T18:00:40.922Z"}}, {"model": "blog.blog", "pk": 18, "fields": {"title": "for 12", "blog_type": 1, "content": "xxxx:12", "author": 1, "created_time": "2018-01-19T18:00:40.929Z", "last_updated_time": "2018-01-19T18:00:40.929Z"}}, {"model": "blog.blog", "pk": 19, "fields": {"title": "for 13", "blog_type": 1, "content": "xxxx:13", "author": 1, "created_time": "2018-01-19T18:00:40.934Z", "last_updated_time": "2018-01-19T18:00:40.935Z"}}, {"model": "blog.blog", "pk": 20, "fields": {"title": "for 14", "blog_type": 1, "content": "xxxx:14", "author": 1, "created_time": "2018-01-19T18:00:40.940Z", "last_updated_time": "2018-01-19T18:00:40.941Z"}}, {"model": "blog.blog", "pk": 21, "fields": {"title": "for 15", "blog_type": 1, "content": "xxxx:15", "author": 1, "created_time": "2018-01-19T18:00:40.954Z", "last_updated_time": "2018-01-19T18:00:40.954Z"}}, {"model": "blog.blog", "pk": 22, "fields": {"title": "for 16", "blog_type": 1, "content": "xxxx:16", "author": 1, "created_time": "2018-01-19T18:00:40.963Z", "last_updated_time": "2018-01-19T18:00:40.964Z"}}, {"model": "blog.blog", "pk": 23, "fields": {"title": "for 17", "blog_type": 1, "content": "xxxx:17", "author": 1, "created_time": "2018-01-19T18:00:40.972Z", "last_updated_time": "2018-01-19T18:00:40.972Z"}}, {"model": "blog.blog", "pk": 24, "fields": {"title": "for 18", "blog_type": 1, "content": "xxxx:18", "author": 1, "created_time": "2018-01-19T18:00:40.980Z", "last_updated_time": "2018-01-19T18:00:40.981Z"}}, {"model": "blog.blog", "pk": 25, "fields": {"title": "for 19", "blog_type": 1, "content": "xxxx:19", "author": 1, "created_time": "2018-01-19T18:00:40.995Z", "last_updated_time": "2018-01-19T18:00:40.995Z"}}, {"model": "blog.blog", "pk": 26, "fields": {"title": "for 20", "blog_type": 1, "content": "xxxx:20", "author": 1, "created_time": "2018-01-19T18:00:41.007Z", "last_updated_time": "2018-01-19T18:00:41.007Z"}}, {"model": "blog.blog", "pk": 27, "fields": {"title": "for 21", "blog_type": 1, "content": "xxxx:21", "author": 1, "created_time": "2018-01-19T18:00:41.016Z", "last_updated_time": "2018-01-19T18:00:41.016Z"}}, {"model": "blog.blog", "pk": 28, "fields": {"title": "for 22", "blog_type": 1, "content": "xxxx:22", "author": 1, "created_time": "2018-01-19T18:00:41.027Z", "last_updated_time": "2018-01-19T18:00:41.027Z"}}, {"model": "blog.blog", "pk": 29, "fields": {"title": "for 23", "blog_type": 1, "content": "xxxx:23", "author": 1, "created_time": "2018-01-19T18:00:41.034Z", "last_updated_time": "2018-01-19T18:00:41.034Z"}}, {"model": "blog.blog", "pk": 30, "fields": {"title": "for 24", "blog_type": 1, "content": "xxxx:24", "author": 1, "created_time": "2018-01-19T18:00:41.042Z", "last_updated_time": "2018-01-19T18:00:41.042Z"}}, {"model": "blog.blog", "pk": 31, "fields": {"title": "for 25", "blog_type": 1, "content": "xxxx:25", "author": 1, "created_time": "2018-01-19T18:00:41.050Z", "last_updated_time": "2018-01-19T18:00:41.050Z"}}, {"model": "blog.blog", "pk": 32, "fields": {"title": "for 26", "blog_type": 1, "content": "xxxx:26", "author": 1, "created_time": "2018-01-19T18:00:41.056Z", "last_updated_time": "2018-01-19T18:00:41.056Z"}}, {"model": "blog.blog", "pk": 33, "fields": {"title": "for 27", "blog_type": 1, "content": "xxxx:27", "author": 1, "created_time": "2018-01-19T18:00:41.065Z", "last_updated_time": "2018-01-19T18:00:41.065Z"}}, {"model": "blog.blog", "pk": 34, "fields": {"title": "for 28", "blog_type": 1, "content": "xxxx:28", "author": 1, "created_time": "2018-01-19T18:00:41.072Z", "last_updated_time": "2018-01-19T18:00:41.073Z"}}, {"model": "blog.blog", "pk": 35, "fields": {"title": "for 29", "blog_type": 1, "content": "xxxx:29", "author": 1, "created_time": "2018-01-19T18:00:41.080Z", "last_updated_time": "2018-02-07T17:24:16.069Z"}}, {"model": "blog.blog", "pk": 36, "fields": {"title": "for 30", "blog_type": 1, "content": "<p>xxxx:30</p>", "author": 1, "created_time": "2018-01-19T18:00:41.089Z", "last_updated_time": "2018-02-07T17:27:27.223Z"}}, {"model": "comment.comment", "pk": 1, "fields": {"content_type": 8, "object_id": 36, "text": "add", "comment_time": "2018-10-28T05:04:44.184Z", "user": 2, "root": null, "parent": null, "reply_to": null}}, {"model": "comment.comment", "pk": 2, "fields": {"content_type": 8, "object_id": 36, "text": "54\r\n", "comment_time": "2018-10-28T05:25:32.705Z", "user": 2, "root": null, "parent": null, "reply_to": null}}, {"model": "comment.comment", "pk": 3, "fields": {"content_type": 8, "object_id": 36, "text": "845\r\n", "comment_time": "2018-10-28T05:32:34.122Z", "user": 2, "root": null, "parent": null, "reply_to": null}}, {"model": "comment.comment", "pk": 39, "fields": {"content_type": 8, "object_id": 36, "text": "asd", "comment_time": "2018-11-03T06:06:25.906Z", "user": 2, "root": null, "parent": null, "reply_to": null}}, {"model": "comment.comment", "pk": 44, "fields": {"content_type": 8, "object_id": 36, "text": "<p>sasa</p>", "comment_time": "2018-11-03T09:48:31.270Z", "user": 2, "root": null, "parent": null, "reply_to": null}}, {"model": "comment.comment", "pk": 45, "fields": {"content_type": 8, "object_id": 36, "text": "<p>sxsc</p>", "comment_time": "2018-11-03T09:49:52.094Z", "user": 2, "root": null, "parent": null, "reply_to": null}}, {"model": "comment.comment", "pk": 46, "fields": {"content_type": 8, "object_id": 36, "text": "<p>cscs</p>", "comment_time": "2018-11-03T09:49:54.801Z", "user": 2, "root": null, "parent": null, "reply_to": null}}, {"model": "comment.comment", "pk": 47, "fields": {"content_type": 8, "object_id": 36, "text": "<p>sda</p>", "comment_time": "2018-11-03T09:50:33.737Z", "user": 2, "root": null, "parent": null, "reply_to": null}}, {"model": "comment.comment", "pk": 48, "fields": {"content_type": 8, "object_id": 36, "text": "<p>axsax</p>", "comment_time": "2018-11-03T10:10:54.269Z", "user": 2, "root": null, "parent": null, "reply_to": null}}, {"model": "comment.comment", "pk": 49, "fields": {"content_type": 8, "object_id": 36, "text": "<p>add</p>", "comment_time": "2018-11-03T10:13:21.933Z", "user": 2, "root": null, "parent": null, "reply_to": null}}, {"model": "comment.comment", "pk": 50, "fields": {"content_type": 8, "object_id": 36, "text": "<p>asas</p>", "comment_time": "2018-11-03T10:23:22.257Z", "user": 2, "root": null, "parent": null, "reply_to": null}}, {"model": "comment.comment", "pk": 51, "fields": {"content_type": 8, "object_id": 36, "text": "<p>adad</p>", "comment_time": "2018-11-03T11:41:49.270Z", "user": 2, "root": null, "parent": null, "reply_to": null}}, {"model": "comment.comment", "pk": 52, "fields": {"content_type": 8, "object_id": 36, "text": "<p>fsfa</p>", "comment_time": "2018-11-03T11:41:53.112Z", "user": 2, "root": 51, "parent": 51, "reply_to": 2}}, {"model": "comment.comment", "pk": 53, "fields": {"content_type": 8, "object_id": 36, "text": "<p>asa</p>", "comment_time": "2018-11-03T12:21:53.102Z", "user": 2, "root": null, "parent": null, "reply_to": null}}, {"model": "comment.comment", "pk": 54, "fields": {"content_type": 8, "object_id": 36, "text": "<p>asa</p>", "comment_time": "2018-11-03T12:21:54.904Z", "user": 2, "root": null, "parent": null, "reply_to": null}}, {"model": "comment.comment", "pk": 55, "fields": {"content_type": 8, "object_id": 36, "text": "<p>asa</p>", "comment_time": "2018-11-03T12:21:55.670Z", "user": 2, "root": null, "parent": null, "reply_to": null}}, {"model": "comment.comment", "pk": 56, "fields": {"content_type": 8, "object_id": 36, "text": "<p>asa</p>", "comment_time": "2018-11-03T12:21:55.882Z", "user": 2, "root": null, "parent": null, "reply_to": null}}, {"model": "comment.comment", "pk": 57, "fields": {"content_type": 8, "object_id": 36, "text": "<p>asa</p>", "comment_time": "2018-11-03T12:21:56.108Z", "user": 2, "root": null, "parent": null, "reply_to": null}}, {"model": "comment.comment", "pk": 58, "fields": {"content_type": 8, "object_id": 36, "text": "<p>asa</p>", "comment_time": "2018-11-03T12:21:56.328Z", "user": 2, "root": null, "parent": null, "reply_to": null}}, {"model": "comment.comment", "pk": 59, "fields": {"content_type": 8, "object_id": 36, "text": "<p>asa</p>", "comment_time": "2018-11-03T12:21:56.572Z", "user": 2, "root": null, "parent": null, "reply_to": null}}, {"model": "comment.comment", "pk": 60, "fields": {"content_type": 8, "object_id": 36, "text": "<p>asa</p>", "comment_time": "2018-11-03T12:21:56.768Z", "user": 2, "root": null, "parent": null, "reply_to": null}}, {"model": "comment.comment", "pk": 61, "fields": {"content_type": 8, "object_id": 36, "text": "<p>asaas</p>", "comment_time": "2018-11-03T12:21:58.400Z", "user": 2, "root": null, "parent": null, "reply_to": null}}, {"model": "comment.comment", "pk": 62, "fields": {"content_type": 8, "object_id": 36, "text": "<p>asaas</p>", "comment_time": "2018-11-03T12:21:58.664Z", "user": 2, "root": null, "parent": null, "reply_to": null}}, {"model": "comment.comment", "pk": 63, "fields": {"content_type": 8, "object_id": 36, "text": "<p>asaas</p>", "comment_time": "2018-11-03T12:21:58.855Z", "user": 2, "root": null, "parent": null, "reply_to": null}}, {"model": "comment.comment", "pk": 64, "fields": {"content_type": 8, "object_id": 36, "text": "<p>adsads</p>", "comment_time": "2018-11-03T12:23:26.306Z", "user": 2, "root": null, "parent": null, "reply_to": null}}, {"model": "comment.comment", "pk": 65, "fields": {"content_type": 8, "object_id": 36, "text": "<p>adsads</p>", "comment_time": "2018-11-03T12:23:26.888Z", "user": 2, "root": null, "parent": null, "reply_to": null}}, {"model": "comment.comment", "pk": 66, "fields": {"content_type": 8, "object_id": 36, "text": "<p>adsads</p>", "comment_time": "2018-11-03T12:23:27.072Z", "user": 2, "root": null, "parent": null, "reply_to": null}}, {"model": "comment.comment", "pk": 67, "fields": {"content_type": 8, "object_id": 36, "text": "<p>adsads</p>", "comment_time": "2018-11-03T12:23:27.280Z", "user": 2, "root": null, "parent": null, "reply_to": null}}, {"model": "comment.comment", "pk": 68, "fields": {"content_type": 8, "object_id": 36, "text": "<p>adsads</p>", "comment_time": "2018-11-03T12:23:27.473Z", "user": 2, "root": null, "parent": null, "reply_to": null}}, {"model": "comment.comment", "pk": 69, "fields": {"content_type": 8, "object_id": 36, "text": "<p>adsads</p>", "comment_time": "2018-11-03T12:23:27.662Z", "user": 2, "root": null, "parent": null, "reply_to": null}}, {"model": "comment.comment", "pk": 70, "fields": {"content_type": 8, "object_id": 36, "text": "<p>adsads</p>", "comment_time": "2018-11-03T12:23:27.855Z", "user": 2, "root": null, "parent": null, "reply_to": null}}, {"model": "comment.comment", "pk": 71, "fields": {"content_type": 8, "object_id": 36, "text": "<p>sdds</p>", "comment_time": "2018-11-03T12:29:45.097Z", "user": 2, "root": null, "parent": null, "reply_to": null}}, {"model": "comment.comment", "pk": 72, "fields": {"content_type": 8, "object_id": 36, "text": "<p>sdds</p>", "comment_time": "2018-11-03T12:29:46.537Z", "user": 2, "root": null, "parent": null, "reply_to": null}}, {"model": "comment.comment", "pk": 73, "fields": {"content_type": 8, "object_id": 36, "text": "<p>ada</p>", "comment_time": "2018-11-03T12:30:17.326Z", "user": 2, "root": null, "parent": null, "reply_to": null}}, {"model": "comment.comment", "pk": 74, "fields": {"content_type": 8, "object_id": 36, "text": "<p>ada</p>", "comment_time": "2018-11-03T12:30:18.088Z", "user": 2, "root": null, "parent": null, "reply_to": null}}, {"model": "comment.comment", "pk": 75, "fields": {"content_type": 8, "object_id": 36, "text": "<p>ada</p>", "comment_time": "2018-11-03T12:30:18.311Z", "user": 2, "root": null, "parent": null, "reply_to": null}}, {"model": "comment.comment", "pk": 76, "fields": {"content_type": 8, "object_id": 36, "text": "<p>ada</p>", "comment_time": "2018-11-03T12:30:18.504Z", "user": 2, "root": null, "parent": null, "reply_to": null}}, {"model": "comment.comment", "pk": 77, "fields": {"content_type": 8, "object_id": 36, "text": "<p>as</p>", "comment_time": "2018-11-03T12:30:55.701Z", "user": 2, "root": null, "parent": null, "reply_to": null}}, {"model": "comment.comment", "pk": 78, "fields": {"content_type": 8, "object_id": 36, "text": "<p>as</p>", "comment_time": "2018-11-03T12:30:57.458Z", "user": 2, "root": null, "parent": null, "reply_to": null}}, {"model": "comment.comment", "pk": 79, "fields": {"content_type": 8, "object_id": 36, "text": "<p>as</p>", "comment_time": "2018-11-03T12:31:28.030Z", "user": 2, "root": null, "parent": null, "reply_to": null}}, {"model": "comment.comment", "pk": 80, "fields": {"content_type": 8, "object_id": 36, "text": "<p>as</p>", "comment_time": "2018-11-03T12:31:28.737Z", "user": 2, "root": null, "parent": null, "reply_to": null}}, {"model": "comment.comment", "pk": 81, "fields": {"content_type": 8, "object_id": 36, "text": "<p>as</p>", "comment_time": "2018-11-03T12:31:28.952Z", "user": 2, "root": null, "parent": null, "reply_to": null}}, {"model": "comment.comment", "pk": 82, "fields": {"content_type": 8, "object_id": 36, "text": "<p>as</p>", "comment_time": "2018-11-03T12:31:29.159Z", "user": 2, "root": null, "parent": null, "reply_to": null}}, {"model": "comment.comment", "pk": 83, "fields": {"content_type": 8, "object_id": 36, "text": "<p>as</p>", "comment_time": "2018-11-03T12:31:29.343Z", "user": 2, "root": null, "parent": null, "reply_to": null}}, {"model": "comment.comment", "pk": 84, "fields": {"content_type": 8, "object_id": 36, "text": "<p>adda</p>", "comment_time": "2018-11-03T12:33:17.538Z", "user": 2, "root": null, "parent": null, "reply_to": null}}, {"model": "comment.comment", "pk": 85, "fields": {"content_type": 8, "object_id": 36, "text": "<p>addaasd</p>", "comment_time": "2018-11-03T12:33:20.217Z", "user": 2, "root": null, "parent": null, "reply_to": null}}, {"model": "comment.comment", "pk": 86, "fields": {"content_type": 8, "object_id": 36, "text": "<p>addaasd</p>", "comment_time": "2018-11-03T12:33:20.440Z", "user": 2, "root": null, "parent": null, "reply_to": null}}, {"model": "comment.comment", "pk": 87, "fields": {"content_type": 8, "object_id": 36, "text": "<p>addaasd</p>", "comment_time": "2018-11-03T12:33:20.679Z", "user": 2, "root": null, "parent": null, "reply_to": null}}, {"model": "comment.comment", "pk": 88, "fields": {"content_type": 8, "object_id": 36, "text": "<p>dad</p>", "comment_time": "2018-11-03T12:40:00.969Z", "user": 2, "root": null, "parent": null, "reply_to": null}}, {"model": "comment.comment", "pk": 89, "fields": {"content_type": 8, "object_id": 36, "text": "<p>d&#39;s</p>", "comment_time": "2018-11-04T02:59:55.705Z", "user": 2, "root": null, "parent": null, "reply_to": null}}, {"model": "comment.comment", "pk": 90, "fields": {"content_type": 8, "object_id": 36, "text": "<p>d&#39;s</p>", "comment_time": "2018-11-04T02:59:56.339Z", "user": 2, "root": null, "parent": null, "reply_to": null}}, {"model": "comment.comment", "pk": 91, "fields": {"content_type": 8, "object_id": 36, "text": "<p>d&#39;s</p>", "comment_time": "2018-11-04T02:59:56.945Z", "user": 2, "root": null, "parent": null, "reply_to": null}}, {"model": "comment.comment", "pk": 92, "fields": {"content_type": 8, "object_id": 36, "text": "<p>d&#39;s</p>", "comment_time": "2018-11-04T03:00:01.146Z", "user": 2, "root": null, "parent": null, "reply_to": null}}, {"model": "comment.comment", "pk": 93, "fields": {"content_type": 8, "object_id": 36, "text": "<p>d&#39;se&#39;d&#39;f&#39;s</p>", "comment_time": "2018-11-04T03:05:44.552Z", "user": 2, "root": 2, "parent": 2, "reply_to": 2}}, {"model": "comment.comment", "pk": 94, "fields": {"content_type": 8, "object_id": 36, "text": "<p>d&#39;se&#39;d&#39;f&#39;s</p>", "comment_time": "2018-11-04T03:05:45.110Z", "user": 2, "root": 2, "parent": 2, "reply_to": 2}}, {"model": "comment.comment", "pk": 95, "fields": {"content_type": 8, "object_id": 36, "text": "<p>x&#39;z</p>", "comment_time": "2018-11-04T03:13:43.779Z", "user": 2, "root": null, "parent": null, "reply_to": null}}, {"model": "comment.comment", "pk": 96, "fields": {"content_type": 8, "object_id": 36, "text": "<p>a&#39;s&#39;f&#39;c</p>", "comment_time": "2018-11-04T03:16:18.357Z", "user": 2, "root": null, "parent": null, "reply_to": null}}, {"model": "comment.comment", "pk": 97, "fields": {"content_type": 8, "object_id": 36, "text": "<p>AF&#39;s</p>", "comment_time": "2018-11-04T03:16:30.913Z", "user": 2, "root": null, "parent": null, "reply_to": null}}, {"model": "comment.comment", "pk": 98, "fields": {"content_type": 8, "object_id": 36, "text": "<p>ssdd</p>", "comment_time": "2018-11-04T03:16:45.101Z", "user": 2, "root": null, "parent": null, "reply_to": null}}, {"model": "comment.comment", "pk": 99, "fields": {"content_type": 8, "object_id": 36, "text": "<p>ad</p>", "comment_time": "2018-11-04T03:17:38.025Z", "user": 2, "root": null, "parent": null, "reply_to": null}}, {"model": "comment.comment", "pk": 100, "fields": {"content_type": 8, "object_id": 36, "text": "<p>ad</p>", "comment_time": "2018-11-04T03:18:40.826Z", "user": 2, "root": null, "parent": null, "reply_to": null}}, {"model": "comment.comment", "pk": 101, "fields": {"content_type": 8, "object_id": 36, "text": "<p>ds</p>", "comment_time": "2018-11-04T03:18:43.516Z", "user": 2, "root": null, "parent": null, "reply_to": null}}, {"model": "comment.comment", "pk": 102, "fields": {"content_type": 8, "object_id": 35, "text": "<p>sad</p>", "comment_time": "2018-11-04T08:42:16.292Z", "user": 2, "root": null, "parent": null, "reply_to": null}}, {"model": "comment.comment", "pk": 103, "fields": {"content_type": 8, "object_id": 35, "text": "<p>sd</p>", "comment_time": "2018-11-04T10:10:36.874Z", "user": 2, "root": null, "parent": null, "reply_to": null}}, {"model": "comment.comment", "pk": 104, "fields": {"content_type": 8, "object_id": 31, "text": "<p>efds</p>", "comment_time": "2018-11-10T09:57:43.121Z", "user": 2, "root": null, "parent": null, "reply_to": null}}, {"model": "comment.comment", "pk": 105, "fields": {"content_type": 8, "object_id": 31, "text": "<p>efds</p>", "comment_time": "2018-11-10T09:57:44.222Z", "user": 2, "root": null, "parent": null, "reply_to": null}}, {"model": "comment.comment", "pk": 106, "fields": {"content_type": 8, "object_id": 31, "text": "<p>efds</p>", "comment_time": "2018-11-10T09:57:45.318Z", "user": 2, "root": null, "parent": null, "reply_to": null}}, {"model": "comment.comment", "pk": 107, "fields": {"content_type": 8, "object_id": 31, "text": "<p>efds</p>", "comment_time": "2018-11-10T09:57:45.511Z", "user": 2, "root": null, "parent": null, "reply_to": null}}, {"model": "comment.comment", "pk": 108, "fields": {"content_type": 8, "object_id": 31, "text": "<p>efds</p>", "comment_time": "2018-11-10T09:57:45.694Z", "user": 2, "root": null, "parent": null, "reply_to": null}}, {"model": "comment.comment", "pk": 109, "fields": {"content_type": 8, "object_id": 31, "text": "<p>efds</p>", "comment_time": "2018-11-10T09:57:45.877Z", "user": 2, "root": null, "parent": null, "reply_to": null}}, {"model": "comment.comment", "pk": 110, "fields": {"content_type": 8, "object_id": 31, "text": "<p>efds</p>", "comment_time": "2018-11-10T09:57:46.256Z", "user": 2, "root": null, "parent": null, "reply_to": null}}, {"model": "comment.comment", "pk": 111, "fields": {"content_type": 8, "object_id": 31, "text": "<p>efds</p>", "comment_time": "2018-11-10T09:57:46.442Z", "user": 2, "root": null, "parent": null, "reply_to": null}}, {"model": "comment.comment", "pk": 112, "fields": {"content_type": 8, "object_id": 31, "text": "<p>efds</p>", "comment_time": "2018-11-10T09:57:46.615Z", "user": 2, "root": null, "parent": null, "reply_to": null}}, {"model": "comment.comment", "pk": 113, "fields": {"content_type": 8, "object_id": 31, "text": "<p>efds</p>", "comment_time": "2018-11-10T09:57:46.808Z", "user": 2, "root": null, "parent": null, "reply_to": null}}, {"model": "comment.comment", "pk": 114, "fields": {"content_type": 8, "object_id": 31, "text": "<p>efds</p>", "comment_time": "2018-11-10T09:57:47.022Z", "user": 2, "root": null, "parent": null, "reply_to": null}}, {"model": "comment.comment", "pk": 115, "fields": {"content_type": 8, "object_id": 31, "text": "<p>efds</p>", "comment_time": "2018-11-10T09:57:47.206Z", "user": 2, "root": null, "parent": null, "reply_to": null}}, {"model": "comment.comment", "pk": 116, "fields": {"content_type": 8, "object_id": 31, "text": "<p>efds</p>", "comment_time": "2018-11-10T09:57:47.383Z", "user": 2, "root": null, "parent": null, "reply_to": null}}, {"model": "comment.comment", "pk": 117, "fields": {"content_type": 8, "object_id": 31, "text": "<p>efds</p>", "comment_time": "2018-11-10T09:57:47.583Z", "user": 2, "root": null, "parent": null, "reply_to": null}}, {"model": "comment.comment", "pk": 118, "fields": {"content_type": 8, "object_id": 31, "text": "<p>efds</p>", "comment_time": "2018-11-10T09:57:47.782Z", "user": 2, "root": null, "parent": null, "reply_to": null}}, {"model": "comment.comment", "pk": 119, "fields": {"content_type": 8, "object_id": 31, "text": "<p>efds</p>", "comment_time": "2018-11-10T09:57:58.903Z", "user": 2, "root": null, "parent": null, "reply_to": null}}, {"model": "comment.comment", "pk": 120, "fields": {"content_type": 8, "object_id": 31, "text": "<p>efds</p>", "comment_time": "2018-11-10T09:57:59.095Z", "user": 2, "root": null, "parent": null, "reply_to": null}}, {"model": "comment.comment", "pk": 121, "fields": {"content_type": 8, "object_id": 31, "text": "<p>efds</p>", "comment_time": "2018-11-10T09:57:59.277Z", "user": 2, "root": null, "parent": null, "reply_to": null}}, {"model": "comment.comment", "pk": 122, "fields": {"content_type": 8, "object_id": 31, "text": "<p>efds</p>", "comment_time": "2018-11-10T09:58:56.276Z", "user": 2, "root": null, "parent": null, "reply_to": null}}, {"model": "comment.comment", "pk": 123, "fields": {"content_type": 8, "object_id": 31, "text": "<p>a&#39;da</p>", "comment_time": "2018-11-10T09:59:13.919Z", "user": 2, "root": null, "parent": null, "reply_to": null}}, {"model": "comment.comment", "pk": 124, "fields": {"content_type": 8, "object_id": 31, "text": "<p>\u8bc4\u8bba\u6d4b\u8bd5</p>", "comment_time": "2018-11-11T10:03:28.320Z", "user": 2, "root": null, "parent": null, "reply_to": null}}, {"model": "comment.comment", "pk": 125, "fields": {"content_type": 8, "object_id": 31, "text": "<p>\u8bc4\u8bba\u6d4b\u8bd5</p>", "comment_time": "2018-11-11T10:06:26.217Z", "user": 2, "root": null, "parent": null, "reply_to": null}}, {"model": "comment.comment", "pk": 126, "fields": {"content_type": 8, "object_id": 31, "text": "<p>111</p>", "comment_time": "2018-11-11T10:08:34.020Z", "user": 2, "root": 104, "parent": 104, "reply_to": 2}}, {"model": "comment.comment", "pk": 127, "fields": {"content_type": 8, "object_id": 31, "text": "<p>111</p>", "comment_time": "2018-11-11T10:08:35.509Z", "user": 2, "root": 104, "parent": 104, "reply_to": 2}}, {"model": "comment.comment", "pk": 128, "fields": {"content_type": 8, "object_id": 31, "text": "<p>111</p>", "comment_time": "2018-11-11T10:12:24.351Z", "user": 2, "root": 104, "parent": 104, "reply_to": 2}}, {"model": "comment.comment", "pk": 129, "fields": {"content_type": 8, "object_id": 31, "text": "<p>\u6d4b\u8bd5</p>", "comment_time": "2018-11-11T10:12:38.353Z", "user": 2, "root": null, "parent": null, "reply_to": null}}, {"model": "comment.comment", "pk": 130, "fields": {"content_type": 8, "object_id": 31, "text": "<p>\u6d4b\u8bd5</p>", "comment_time": "2018-11-11T10:12:43.779Z", "user": 2, "root": null, "parent": null, "reply_to": null}}, {"model": "comment.comment", "pk": 131, "fields": {"content_type": 8, "object_id": 31, "text": "<p>test</p>", "comment_time": "2018-11-11T10:13:21.056Z", "user": 2, "root": null, "parent": null, "reply_to": null}}, {"model": "comment.comment", "pk": 132, "fields": {"content_type": 8, "object_id": 31, "text": "<p>test</p>", "comment_time": "2018-11-11T10:13:46.323Z", "user": 2, "root": 131, "parent": 131, "reply_to": 2}}, {"model": "comment.comment", "pk": 133, "fields": {"content_type": 8, "object_id": 31, "text": "<p>test</p>", "comment_time": "2018-11-11T10:13:49.042Z", "user": 2, "root": 131, "parent": 131, "reply_to": 2}}, {"model": "comment.comment", "pk": 134, "fields": {"content_type": 8, "object_id": 31, "text": "<p>test</p>", "comment_time": "2018-11-11T10:13:50.442Z", "user": 2, "root": 131, "parent": 131, "reply_to": 2}}, {"model": "comment.comment", "pk": 135, "fields": {"content_type": 8, "object_id": 31, "text": "<p>test</p>", "comment_time": "2018-11-11T10:13:50.652Z", "user": 2, "root": 131, "parent": 131, "reply_to": 2}}, {"model": "comment.comment", "pk": 136, "fields": {"content_type": 8, "object_id": 31, "text": "<p>test</p>", "comment_time": "2018-11-11T10:13:50.860Z", "user": 2, "root": 131, "parent": 131, "reply_to": 2}}, {"model": "comment.comment", "pk": 137, "fields": {"content_type": 8, "object_id": 31, "text": "<p>test</p>", "comment_time": "2018-11-11T10:13:51.061Z", "user": 2, "root": 131, "parent": 131, "reply_to": 2}}, {"model": "comment.comment", "pk": 138, "fields": {"content_type": 8, "object_id": 31, "text": "<p>test</p>", "comment_time": "2018-11-11T10:13:51.262Z", "user": 2, "root": 131, "parent": 131, "reply_to": 2}}, {"model": "comment.comment", "pk": 139, "fields": {"content_type": 8, "object_id": 31, "text": "<p>test</p>", "comment_time": "2018-11-11T10:13:51.451Z", "user": 2, "root": 131, "parent": 131, "reply_to": 2}}, {"model": "comment.comment", "pk": 140, "fields": {"content_type": 8, "object_id": 31, "text": "<p>test</p>", "comment_time": "2018-11-11T10:13:51.644Z", "user": 2, "root": 131, "parent": 131, "reply_to": 2}}, {"model": "comment.comment", "pk": 141, "fields": {"content_type": 8, "object_id": 31, "text": "<p>test</p>", "comment_time": "2018-11-11T10:13:51.850Z", "user": 2, "root": 131, "parent": 131, "reply_to": 2}}, {"model": "comment.comment", "pk": 142, "fields": {"content_type": 8, "object_id": 31, "text": "<p>test</p>", "comment_time": "2018-11-11T10:13:52.038Z", "user": 2, "root": 131, "parent": 131, "reply_to": 2}}, {"model": "comment.comment", "pk": 143, "fields": {"content_type": 8, "object_id": 31, "text": "<p>test</p>", "comment_time": "2018-11-11T10:13:52.243Z", "user": 2, "root": 131, "parent": 131, "reply_to": 2}}, {"model": "comment.comment", "pk": 144, "fields": {"content_type": 8, "object_id": 31, "text": "<p>test</p>", "comment_time": "2018-11-11T10:13:52.518Z", "user": 2, "root": 131, "parent": 131, "reply_to": 2}}, {"model": "comment.comment", "pk": 145, "fields": {"content_type": 8, "object_id": 31, "text": "<p>test</p>", "comment_time": "2018-11-11T10:13:52.999Z", "user": 2, "root": 131, "parent": 131, "reply_to": 2}}, {"model": "comment.comment", "pk": 146, "fields": {"content_type": 8, "object_id": 31, "text": "<p>test</p>", "comment_time": "2018-11-11T10:13:53.274Z", "user": 2, "root": 131, "parent": 131, "reply_to": 2}}, {"model": "comment.comment", "pk": 147, "fields": {"content_type": 8, "object_id": 31, "text": "<p>test</p>", "comment_time": "2018-11-11T10:13:53.501Z", "user": 2, "root": 131, "parent": 131, "reply_to": 2}}, {"model": "comment.comment", "pk": 148, "fields": {"content_type": 8, "object_id": 31, "text": "<p>test</p>", "comment_time": "2018-11-11T10:13:54.074Z", "user": 2, "root": 131, "parent": 131, "reply_to": 2}}, {"model": "comment.comment", "pk": 149, "fields": {"content_type": 8, "object_id": 31, "text": "<p>test</p>", "comment_time": "2018-11-11T10:13:54.340Z", "user": 2, "root": 131, "parent": 131, "reply_to": 2}}, {"model": "comment.comment", "pk": 150, "fields": {"content_type": 8, "object_id": 31, "text": "<p>test</p>", "comment_time": "2018-11-11T10:13:54.550Z", "user": 2, "root": 131, "parent": 131, "reply_to": 2}}, {"model": "comment.comment", "pk": 151, "fields": {"content_type": 8, "object_id": 31, "text": "<p>test</p>", "comment_time": "2018-11-11T10:13:54.845Z", "user": 2, "root": 131, "parent": 131, "reply_to": 2}}, {"model": "comment.comment", "pk": 152, "fields": {"content_type": 8, "object_id": 31, "text": "<p>test</p>", "comment_time": "2018-11-11T10:13:55.069Z", "user": 2, "root": 131, "parent": 131, "reply_to": 2}}, {"model": "comment.comment", "pk": 153, "fields": {"content_type": 8, "object_id": 31, "text": "<p>test</p>", "comment_time": "2018-11-11T10:13:55.306Z", "user": 2, "root": 131, "parent": 131, "reply_to": 2}}, {"model": "comment.comment", "pk": 154, "fields": {"content_type": 8, "object_id": 31, "text": "<p>test</p>", "comment_time": "2018-11-11T10:13:55.773Z", "user": 2, "root": 131, "parent": 131, "reply_to": 2}}, {"model": "comment.comment", "pk": 155, "fields": {"content_type": 8, "object_id": 31, "text": "<p>test</p>", "comment_time": "2018-11-11T10:13:56.193Z", "user": 2, "root": 131, "parent": 131, "reply_to": 2}}, {"model": "comment.comment", "pk": 156, "fields": {"content_type": 8, "object_id": 31, "text": "<p>test</p>", "comment_time": "2018-11-11T10:13:56.443Z", "user": 2, "root": 131, "parent": 131, "reply_to": 2}}, {"model": "comment.comment", "pk": 157, "fields": {"content_type": 8, "object_id": 31, "text": "<p>test</p>", "comment_time": "2018-11-11T10:13:56.654Z", "user": 2, "root": 131, "parent": 131, "reply_to": 2}}, {"model": "comment.comment", "pk": 158, "fields": {"content_type": 8, "object_id": 31, "text": "<p>test</p>", "comment_time": "2018-11-11T10:13:56.905Z", "user": 2, "root": 131, "parent": 131, "reply_to": 2}}, {"model": "comment.comment", "pk": 159, "fields": {"content_type": 8, "object_id": 31, "text": "<p>test</p>", "comment_time": "2018-11-11T10:13:57.171Z", "user": 2, "root": 131, "parent": 131, "reply_to": 2}}, {"model": "comment.comment", "pk": 160, "fields": {"content_type": 8, "object_id": 31, "text": "<p>test</p>", "comment_time": "2018-11-11T10:13:57.450Z", "user": 2, "root": 131, "parent": 131, "reply_to": 2}}, {"model": "comment.comment", "pk": 161, "fields": {"content_type": 8, "object_id": 31, "text": "<p>test</p>", "comment_time": "2018-11-11T10:13:57.691Z", "user": 2, "root": 131, "parent": 131, "reply_to": 2}}, {"model": "comment.comment", "pk": 162, "fields": {"content_type": 8, "object_id": 31, "text": "<p>test</p>", "comment_time": "2018-11-11T10:13:57.906Z", "user": 2, "root": 131, "parent": 131, "reply_to": 2}}, {"model": "comment.comment", "pk": 163, "fields": {"content_type": 8, "object_id": 31, "text": "<p>test</p>", "comment_time": "2018-11-11T10:13:58.154Z", "user": 2, "root": 131, "parent": 131, "reply_to": 2}}, {"model": "comment.comment", "pk": 164, "fields": {"content_type": 8, "object_id": 31, "text": "<p>test</p>", "comment_time": "2018-11-11T10:13:59.002Z", "user": 2, "root": 131, "parent": 131, "reply_to": 2}}, {"model": "comment.comment", "pk": 165, "fields": {"content_type": 8, "object_id": 31, "text": "<p>test</p>", "comment_time": "2018-11-11T10:13:59.226Z", "user": 2, "root": 131, "parent": 131, "reply_to": 2}}, {"model": "comment.comment", "pk": 166, "fields": {"content_type": 8, "object_id": 31, "text": "<p>sss</p>", "comment_time": "2018-11-11T10:15:57.256Z", "user": 4, "root": 104, "parent": 128, "reply_to": 2}}, {"model": "comment.comment", "pk": 167, "fields": {"content_type": 8, "object_id": 31, "text": "<p>sss</p>", "comment_time": "2018-11-11T10:16:42.536Z", "user": 4, "root": null, "parent": null, "reply_to": null}}, {"model": "comment.comment", "pk": 168, "fields": {"content_type": 8, "object_id": 31, "text": "<p>ddd</p>", "comment_time": "2018-11-11T10:16:51.196Z", "user": 4, "root": 104, "parent": 166, "reply_to": 4}}, {"model": "comment.comment", "pk": 169, "fields": {"content_type": 8, "object_id": 31, "text": "<p>ss</p>", "comment_time": "2018-11-11T10:42:55.427Z", "user": 4, "root": null, "parent": null, "reply_to": null}}, {"model": "comment.comment", "pk": 170, "fields": {"content_type": 8, "object_id": 31, "text": "<p>ss</p>", "comment_time": "2018-11-11T10:42:56.754Z", "user": 4, "root": null, "parent": null, "reply_to": null}}, {"model": "comment.comment", "pk": 171, "fields": {"content_type": 8, "object_id": 31, "text": "<p>ss</p>", "comment_time": "2018-11-11T10:42:57.348Z", "user": 4, "root": null, "parent": null, "reply_to": null}}, {"model": "comment.comment", "pk": 172, "fields": {"content_type": 8, "object_id": 31, "text": "<p>ss</p>", "comment_time": "2018-11-11T10:42:57.587Z", "user": 4, "root": null, "parent": null, "reply_to": null}}, {"model": "comment.comment", "pk": 173, "fields": {"content_type": 8, "object_id": 31, "text": "<p>ss</p>", "comment_time": "2018-11-11T10:42:57.795Z", "user": 4, "root": null, "parent": null, "reply_to": null}}, {"model": "comment.comment", "pk": 174, "fields": {"content_type": 8, "object_id": 31, "text": "<p>ss</p>", "comment_time": "2018-11-11T10:42:58.004Z", "user": 4, "root": null, "parent": null, "reply_to": null}}, {"model": "comment.comment", "pk": 175, "fields": {"content_type": 8, "object_id": 31, "text": "<p>ss</p>", "comment_time": "2018-11-11T10:42:58.205Z", "user": 4, "root": null, "parent": null, "reply_to": null}}, {"model": "comment.comment", "pk": 176, "fields": {"content_type": 8, "object_id": 31, "text": "<p>ss</p>", "comment_time": "2018-11-11T10:42:58.388Z", "user": 4, "root": null, "parent": null, "reply_to": null}}, {"model": "comment.comment", "pk": 177, "fields": {"content_type": 8, "object_id": 31, "text": "<p>ss</p>", "comment_time": "2018-11-11T10:42:58.586Z", "user": 4, "root": null, "parent": null, "reply_to": null}}, {"model": "comment.comment", "pk": 178, "fields": {"content_type": 8, "object_id": 31, "text": "<p>ss</p>", "comment_time": "2018-11-11T10:42:58.798Z", "user": 4, "root": null, "parent": null, "reply_to": null}}, {"model": "comment.comment", "pk": 179, "fields": {"content_type": 8, "object_id": 31, "text": "<p>ss</p>", "comment_time": "2018-11-11T10:42:58.979Z", "user": 4, "root": null, "parent": null, "reply_to": null}}, {"model": "comment.comment", "pk": 180, "fields": {"content_type": 8, "object_id": 31, "text": "<p>zxc</p>", "comment_time": "2018-11-11T10:43:09.600Z", "user": 4, "root": null, "parent": null, "reply_to": null}}, {"model": "comment.comment", "pk": 181, "fields": {"content_type": 8, "object_id": 31, "text": "<p>zxc</p>", "comment_time": "2018-11-11T10:43:10.204Z", "user": 4, "root": null, "parent": null, "reply_to": null}}, {"model": "comment.comment", "pk": 182, "fields": {"content_type": 8, "object_id": 31, "text": "<p>zxc</p>", "comment_time": "2018-11-11T10:43:10.762Z", "user": 4, "root": null, "parent": null, "reply_to": null}}, {"model": "comment.comment", "pk": 183, "fields": {"content_type": 8, "object_id": 31, "text": "<p>xxx</p>", "comment_time": "2018-11-11T10:45:44.034Z", "user": 4, "root": null, "parent": null, "reply_to": null}}, {"model": "comment.comment", "pk": 184, "fields": {"content_type": 8, "object_id": 31, "text": "<p>xxx</p>", "comment_time": "2018-11-11T10:45:53.480Z", "user": 4, "root": 183, "parent": 183, "reply_to": 4}}, {"model": "comment.comment", "pk": 185, "fields": {"content_type": 8, "object_id": 31, "text": "<p>xxx</p>", "comment_time": "2018-11-11T10:45:54.448Z", "user": 4, "root": 183, "parent": 183, "reply_to": 4}}, {"model": "comment.comment", "pk": 186, "fields": {"content_type": 8, "object_id": 31, "text": "<p>xxx</p>", "comment_time": "2018-11-11T10:45:54.853Z", "user": 4, "root": 183, "parent": 183, "reply_to": 4}}, {"model": "comment.comment", "pk": 187, "fields": {"content_type": 8, "object_id": 31, "text": "<p>xxx</p>", "comment_time": "2018-11-11T10:45:55.037Z", "user": 4, "root": 183, "parent": 183, "reply_to": 4}}, {"model": "comment.comment", "pk": 188, "fields": {"content_type": 8, "object_id": 31, "text": "<p>xxx</p>", "comment_time": "2018-11-11T10:45:55.305Z", "user": 4, "root": 183, "parent": 183, "reply_to": 4}}, {"model": "comment.comment", "pk": 189, "fields": {"content_type": 8, "object_id": 31, "text": "<p>xxx</p>", "comment_time": "2018-11-11T10:51:59.603Z", "user": 4, "root": null, "parent": null, "reply_to": null}}, {"model": "comment.comment", "pk": 190, "fields": {"content_type": 8, "object_id": 31, "text": "<p>xxx</p>", "comment_time": "2018-11-11T10:52:03.016Z", "user": 4, "root": 189, "parent": 189, "reply_to": 4}}, {"model": "comment.comment", "pk": 191, "fields": {"content_type": 8, "object_id": 31, "text": "<p>xxx</p>", "comment_time": "2018-11-11T10:52:04.101Z", "user": 4, "root": 189, "parent": 189, "reply_to": 4}}, {"model": "comment.comment", "pk": 192, "fields": {"content_type": 8, "object_id": 31, "text": "<p>xxx</p>", "comment_time": "2018-11-11T10:52:04.306Z", "user": 4, "root": 189, "parent": 189, "reply_to": 4}}, {"model": "comment.comment", "pk": 193, "fields": {"content_type": 8, "object_id": 31, "text": "<p>xxx</p>", "comment_time": "2018-11-11T10:52:44.758Z", "user": 4, "root": 189, "parent": 189, "reply_to": 4}}, {"model": "comment.comment", "pk": 194, "fields": {"content_type": 8, "object_id": 31, "text": "<p>11</p>", "comment_time": "2018-11-13T00:51:05.747Z", "user": 4, "root": null, "parent": null, "reply_to": null}}, {"model": "comment.comment", "pk": 195, "fields": {"content_type": 8, "object_id": 31, "text": "<p>11</p>", "comment_time": "2018-11-13T00:51:11.236Z", "user": 4, "root": 194, "parent": 194, "reply_to": 4}}, {"model": "comment.comment", "pk": 196, "fields": {"content_type": 8, "object_id": 31, "text": "<p>11</p>", "comment_time": "2018-11-13T01:08:38.410Z", "user": 4, "root": 194, "parent": 194, "reply_to": 4}}, {"model": "comment.comment", "pk": 197, "fields": {"content_type": 8, "object_id": 31, "text": "<p>\u6d4b\u8bd5</p>", "comment_time": "2018-11-13T01:09:33.007Z", "user": 4, "root": 194, "parent": 196, "reply_to": 4}}, {"model": "comment.comment", "pk": 198, "fields": {"content_type": 8, "object_id": 31, "text": "<p>ces</p>", "comment_time": "2018-11-13T01:18:00.777Z", "user": 4, "root": null, "parent": null, "reply_to": null}}, {"model": "comment.comment", "pk": 199, "fields": {"content_type": 8, "object_id": 31, "text": "<p>cs</p>", "comment_time": "2018-11-13T01:18:07.572Z", "user": 4, "root": 198, "parent": 198, "reply_to": 4}}, {"model": "comment.comment", "pk": 200, "fields": {"content_type": 8, "object_id": 31, "text": "<p>..</p>", "comment_time": "2018-11-13T01:22:00.916Z", "user": 4, "root": 198, "parent": 198, "reply_to": 4}}, {"model": "likes.likerecord", "pk": 14, "fields": {"content_type": 8, "object_id": 35, "user": 2, "liked_time": "2018-11-04T10:10:33.319Z"}}, {"model": "likes.likerecord", "pk": 19, "fields": {"content_type": 8, "object_id": 34, "user": 2, "liked_time": "2018-11-10T04:18:47.955Z"}}, {"model": "likes.likerecord", "pk": 21, "fields": {"content_type": 8, "object_id": 36, "user": 2, "liked_time": "2018-11-10T04:19:09.305Z"}}, {"model": "likes.likerecord", "pk": 22, "fields": {"content_type": 8, "object_id": 31, "user": 2, "liked_time": "2018-11-10T09:58:01.488Z"}}, {"model": "likes.likerecord", "pk": 23, "fields": {"content_type": 8, "object_id": 31, "user": 4, "liked_time": "2018-11-11T10:16:30.449Z"}}, {"model": "likes.likerecord", "pk": 24, "fields": {"content_type": 12, "object_id": 104, "user": 4, "liked_time": "2018-11-11T10:16:32.864Z"}}, {"model": "likes.likerecord", "pk": 25, "fields": {"content_type": 12, "object_id": 166, "user": 4, "liked_time": "2018-11-11T10:16:34.787Z"}}, {"model": "likes.likerecord", "pk": 26, "fields": {"content_type": 12, "object_id": 128, "user": 4, "liked_time": "2018-11-11T10:16:35.728Z"}}, {"model": "likes.likerecord", "pk": 27, "fields": {"content_type": 12, "object_id": 168, "user": 4, "liked_time": "2018-11-11T10:16:57.391Z"}}, {"model": "user.profile", "pk": 1, "fields": {"user": 2, "nickname": "\u9a6c\u817e"}}, {"model": "admin.logentry", "pk": 1, "fields": {"action_time": "2017-12-24T17:57:25.871Z", "user": 1, "content_type": 7, "object_id": "1", "object_repr": "BlogType object (1)", "action_flag": 1, "change_message": "[{\"added\": {}}]"}}, {"model": "admin.logentry", "pk": 2, "fields": {"action_time": "2017-12-24T17:57:34.218Z", "user": 1, "content_type": 7, "object_id": "2", "object_repr": "BlogType object (2)", "action_flag": 1, "change_message": "[{\"added\": {}}]"}}, {"model": "admin.logentry", "pk": 3, "fields": {"action_time": "2017-12-24T17:57:42.824Z", "user": 1, "content_type": 7, "object_id": "3", "object_repr": "BlogType object (3)", "action_flag": 1, "change_message": "[{\"added\": {}}]"}}, {"model": "admin.logentry", "pk": 4, "fields": {"action_time": "2017-12-24T17:59:38.608Z", "user": 1, "content_type": 8, "object_id": "1", "object_repr": "<Blog: \u7b2c\u4e00\u7bc7\u535a\u5ba2>", "action_flag": 1, "change_message": "[{\"added\": {}}]"}}, {"model": "admin.logentry", "pk": 5, "fields": {"action_time": "2017-12-28T16:45:51.048Z", "user": 1, "content_type": 8, "object_id": "2", "object_repr": "<Blog: \u7b2c\u4e8c\u7bc7\u535a\u5ba2>", "action_flag": 1, "change_message": "[{\"added\": {}}]"}}, {"model": "admin.logentry", "pk": 6, "fields": {"action_time": "2017-12-28T16:50:53.821Z", "user": 1, "content_type": 8, "object_id": "2", "object_repr": "<Blog: \u7b2c\u4e8c\u7bc7\u535a\u5ba2>", "action_flag": 3, "change_message": ""}}, {"model": "admin.logentry", "pk": 7, "fields": {"action_time": "2017-12-28T16:50:53.838Z", "user": 1, "content_type": 8, "object_id": "1", "object_repr": "<Blog: \u7b2c\u4e00\u7bc7\u535a\u5ba2>", "action_flag": 3, "change_message": ""}}, {"model": "admin.logentry", "pk": 8, "fields": {"action_time": "2017-12-28T16:52:41.400Z", "user": 1, "content_type": 8, "object_id": "3", "object_repr": "<Blog: \u957f\u5185\u5bb9\u7684\u535a\u5ba2>", "action_flag": 1, "change_message": "[{\"added\": {}}]"}}, {"model": "admin.logentry", "pk": 9, "fields": {"action_time": "2017-12-28T17:14:14.808Z", "user": 1, "content_type": 8, "object_id": "4", "object_repr": "<Blog: \u968f\u7b142>", "action_flag": 1, "change_message": "[{\"added\": {}}]"}}, {"model": "admin.logentry", "pk": 10, "fields": {"action_time": "2017-12-28T17:14:29.852Z", "user": 1, "content_type": 8, "object_id": "5", "object_repr": "<Blog: Django1>", "action_flag": 1, "change_message": "[{\"added\": {}}]"}}, {"model": "admin.logentry", "pk": 11, "fields": {"action_time": "2018-02-04T17:32:41.794Z", "user": 1, "content_type": 8, "object_id": "3", "object_repr": "<Blog: \u957f\u5185\u5bb9\u7684\u535a\u5ba2>", "action_flag": 2, "change_message": "[{\"changed\": {\"fields\": [\"content\"]}}]"}}, {"model": "admin.logentry", "pk": 12, "fields": {"action_time": "2018-02-04T17:49:46.452Z", "user": 1, "content_type": 8, "object_id": "3", "object_repr": "<Blog: \u957f\u5185\u5bb9\u7684\u535a\u5ba2>", "action_flag": 2, "change_message": "[{\"changed\": {\"fields\": [\"content\"]}}]"}}, {"model": "admin.logentry", "pk": 13, "fields": {"action_time": "2018-02-04T18:06:59.339Z", "user": 1, "content_type": 8, "object_id": "3", "object_repr": "<Blog: \u957f\u5185\u5bb9\u7684\u535a\u5ba2>", "action_flag": 2, "change_message": "[{\"changed\": {\"fields\": [\"content\"]}}]"}}, {"model": "admin.logentry", "pk": 14, "fields": {"action_time": "2018-02-07T17:27:27.225Z", "user": 1, "content_type": 8, "object_id": "36", "object_repr": "<Blog: for 30>", "action_flag": 2, "change_message": "[{\"changed\": {\"fields\": [\"content\"]}}]"}}, {"model": "admin.logentry", "pk": 15, "fields": {"action_time": "2018-02-23T17:34:48.876Z", "user": 1, "content_type": 9, "object_id": "1", "object_repr": "ReadNum object (1)", "action_flag": 1, "change_message": "[{\"added\": {}}]"}}, {"model": "admin.logentry", "pk": 16, "fields": {"action_time": "2018-02-23T18:17:40.854Z", "user": 1, "content_type": 10, "object_id": "1", "object_repr": "ReadNum object (1)", "action_flag": 1, "change_message": "[{\"added\": {}}]"}}, {"model": "admin.logentry", "pk": 17, "fields": {"action_time": "2018-10-21T07:33:13.328Z", "user": 2, "content_type": 11, "object_id": "1", "object_repr": "ReadDetail object (1)", "action_flag": 1, "change_message": "[{\"added\": {}}]"}}, {"model": "admin.logentry", "pk": 18, "fields": {"action_time": "2018-11-03T06:06:25.907Z", "user": 2, "content_type": 12, "object_id": "39", "object_repr": "Comment object (39)", "action_flag": 1, "change_message": "[{\"added\": {}}]"}}, {"model": "admin.logentry", "pk": 19, "fields": {"action_time": "2018-11-03T07:15:53.423Z", "user": 2, "content_type": 12, "object_id": "40", "object_repr": "ada", "action_flag": 1, "change_message": "[{\"added\": {}}]"}}, {"model": "admin.logentry", "pk": 20, "fields": {"action_time": "2018-11-04T03:44:40.596Z", "user": 2, "content_type": 4, "object_id": "3", "object_repr": "matengsdf", "action_flag": 3, "change_message": ""}}, {"model": "admin.logentry", "pk": 21, "fields": {"action_time": "2018-11-10T06:15:52.384Z", "user": 2, "content_type": 15, "object_id": "1", "object_repr": "<Profile: \u9a6c\u817e for mateng>", "action_flag": 1, "change_message": "[{\"added\": {}}]"}}, {"model": "admin.logentry", "pk": 22, "fields": {"action_time": "2018-11-11T03:45:50.601Z", "user": 2, "content_type": 4, "object_id": "2", "object_repr": "mateng", "action_flag": 2, "change_message": "[{\"changed\": {\"fields\": [\"email\", \"last_login\"]}}]"}}]